,post_date,post_text
0,2021-05-28 14:00:03,"–î–∞–∂–µ —Å—É–ø–µ—Ä–≥–µ—Ä–æ—è–º –Ω—É–∂–Ω–æ –∫–µ–º-—Ç–æ —Ä–∞–±–æ—Ç–∞—Ç—å. –ü–æ—Ä–∞–∑–º—ã—Å–ª–∏–ª–∏ –Ω–∞ —ç—Ç—É —Ç–µ–º—É –∏ –ø—Ä–∏–¥—É–º–∞–ª–∏ –ø—Ä–æ—Ñ–µ—Å—Å–∏–∏, –∫–æ—Ç–æ—Ä—ã–µ –ø–æ–¥–æ—à–ª–∏ –±—ã –ø–µ—Ä—Å–æ–Ω–∞–∂–∞–º –∏–∑ Marvel ü¶∏ 
 
–í–∞–º –æ—Å—Ç–∞–µ—Ç—Å—è —Ç–æ–ª—å–∫–æ –≤—ã–±—Ä–∞—Ç—å üëá"
1,2021-06-01 08:21:00,"üíº 16 –∏—é–Ω—è –ø—Ä–æ–π–¥—ë—Ç –±–µ—Å–ø–ª–∞—Ç–Ω–∞—è —ç–∫—Å–ø—Ä–µ—Å—Å-–∫–æ–Ω—Ñ–µ—Ä–µ–Ω—Ü–∏—è ¬´–ï—Å—Ç—å –ª–∏ –∂–∏–∑–Ω—å –ø–æ—Å–ª–µ —Ä–∞–±–æ—Ç—ã? –ò—â–µ–º work-life balance¬ª 
 
–ö–æ–≥–¥–∞ –≤–∞—Å –ø—Ä–µ–∏—Å–ø–æ–ª–Ω—è–µ—Ç –ª—é–±–æ–≤—å –∫ —Ä–∞–±–æ—Ç–µ –∏ —Å—Ç—Ä–µ–º–ª–µ–Ω–∏–µ –∫ —Ü–µ–ª—è–º, —á–∞—Å—Ç–æ –±—ã–≤–∞–µ—Ç –Ω–µ –¥–æ –æ—Ç–¥—ã—Ö–∞. –ê –µ—Å–ª–∏ –ø—Ä–∏–±–∞–≤–∏—Ç—å –∫ —ç—Ç–æ–º—É —Å–∏–Ω–¥—Ä–æ–º —Å–∞–º–æ–∑–≤–∞–Ω—Ü–∞ ‚Äî –ø–æ–ª—É—á–∏—Ç—Å—è –≥—Ä–µ–º—É—á–∞—è —Å–º–µ—Å—å ü•¥ 
 
–ù–∞—É—á–∏—Ç–µ—Å—å –ª—é–±–∏—Ç—å –∏ –±–µ—Ä–µ—á—å —Å–µ–±—è ‚Üí http://netolo.gy/gCs"
2,2021-05-31 15:01:00,"–û–Ω–ª–∞–π–Ω-–æ–±—É—á–µ–Ω–∏–µ ‚Äî –≤–æ–∑–º–æ–∂–Ω–æ—Å—Ç—å —Å—ç–∫–æ–Ω–æ–º–∏—Ç—å –≤—Ä–µ–º—è, –ø–æ–ª—É—á–∏–≤ —Å—Ç—Ä—É–∫—Ç—É—Ä–∏—Ä–æ–≤–∞–Ω–Ω—ã–π –º–∞—Ç–µ—Ä–∏–∞–ª, —Ä–∞—Å—Å–∫–∞–∑–∞–Ω–Ω—ã–π –≤ –∏–Ω—Ç–µ—Ä–µ—Å–Ω–æ–π —Ñ–æ—Ä–º–µ üë©‚Äçüíª 
 
–£–∑–Ω–∞–π—Ç–µ, –∫–∞–∫ —É—á–∏—Ç—å—Å—è –º–∞–∫—Å–∏–º–∞–ª—å–Ω–æ —ç—Ñ—Ñ–µ–∫—Ç–∏–≤–Ω–æ ‚Üí http://netolo.gy/gCx"
3,2021-05-31 07:23:00,"üìö 15 –∏—é–Ω—è —Å—Ç–∞—Ä—Ç—É–µ—Ç –∫—É—Ä—Å ¬´–ü—Å–∏—Ö–æ–ª–æ–≥–∏—è: –ø—É—Ç—å –∫ —Å–µ–±–µ¬ª 
 
–û—Å–æ–∑–Ω–∞–Ω–Ω–æ—Å—Ç—å ‚Äî –Ω–µ –ø—Ä–æ—Å—Ç–æ –º–æ–¥–Ω–æ–µ —Å–ª–æ–≤–æ, –∞ –≤–∞–∂–Ω—ã–π –∏–Ω—Å—Ç—Ä—É–º–µ–Ω—Ç –ø–æ–º–æ—â–∏ —Å–µ–±–µ. –í —Ñ–æ—Ä–º–∞—Ç–µ –≤–µ–±–∏–Ω–∞—Ä–æ–≤, –≥—Ä—É–ø–ø–æ–≤—ã—Ö –∏ —Å–∞–º–æ—Å—Ç–æ—è—Ç–µ–ª—å–Ω—ã—Ö –ø—Ä–∞–∫—Ç–∏–∫ –Ω–∞—á–Ω–µ—Ç–µ —É—á–∏—Ç—å—Å—è –ø–æ–Ω–∏–º–∞—Ç—å —Å–≤–æ–∏ —ç–º–æ—Ü–∏–∏, –≤—ã—Å—Ç—Ä–∞–∏–≤–∞—Ç—å –æ—Ç–Ω–æ—à–µ–Ω–∏—è —Å –ª—é–¥—å–º–∏ –∏ –Ω–µ –±–æ—è—Ç—å—Å—è –ø—Ä–æ–±–æ–≤–∞—Ç—å –Ω–æ–≤–æ–µ. 
 
üôÉ –ü—Ä–∏—Å–æ–µ–¥–∏–Ω—è–π—Ç–µ—Å—å ‚Üí http://netolo.gy/gCj"
4,2021-05-30 12:15:00,"üéÅ –ó–∞–ø—É—Å—Ç–∏–ª–∏ —Å—Ç—Ä–∞–Ω–∏—Ü—É —Å –ø–æ–¥–∞—Ä–∫–∞–º–∏ –∏ —Å–∫–∏–¥–∫–∞–º–∏ –æ—Ç –Ω–∞—à–∏—Ö –¥—Ä—É–∑–µ–π ‚Äî –§–æ–∫—Å—Ñ–æ—Ä–¥–∞, –õ–µ–Ω—Ç—ã, Tui –∏ –¥—Ä—É–≥–∏—Ö –∫–æ–º–ø–∞–Ω–∏–π.
–ï—Å–ª–∏ –≤—ã —Ö–æ—Ç–∏—Ç–µ –ø–æ—Ä–∞–¥–æ–≤–∞—Ç—å —Å–µ–±—è –∏–ª–∏ –∫—É–ø–∏—Ç—å —á—Ç–æ-—Ç–æ –¥–ª—è –±–ª–∏–∑–∫–∏—Ö, –∂–º–∏—Ç–µ –Ω–∞ ¬´–ü–æ–ª—É—á–∏—Ç—å –ø—Ä–æ–º–æ–∫–æ–¥¬ª –∏ –ø–æ–ª—å–∑—É–π—Ç–µ—Å—å –±–æ–Ω—É—Å–∞–º–∏ –Ω–∞ —Å–∞–π—Ç–µ –Ω–∞—à–∏—Ö –ø–∞—Ä—Ç–Ω—ë—Ä–æ–≤ ‚Üí http://netolo.gy/gBz"
5,2021-05-30 08:41:00,"–ü–æ–µ—Ö–∞—Ç—å –≤ –æ—Ç–ø—É—Å–∫? –ò–ª–∏ —Å–¥–µ–ª–∞—Ç—å —Ä–µ–º–æ–Ω—Ç? ü§î

–†–∞—Å—Å–∫–∞–∑—ã–≤–∞–µ–º –æ –∫–Ω–∏–≥–∞—Ö, –∫–æ—Ç–æ—Ä—ã–µ –ø–æ–º–æ–≥—É—Ç –ø—Ä–∞–≤–∏–ª—å–Ω–æ –∫–æ–ø–∏—Ç—å –¥–µ–Ω—å–≥–∏ üëá

üî∑ ¬´–ú–∞–Ω–∏—Ñ–µ—Å—Ç –∏–Ω–≤–µ—Å—Ç–æ—Ä–∞¬ª, –ë–µ—Ä–Ω—Å—Ç–∞–π–Ω –£.

–ê–≤—Ç–æ—Ä –Ω–∞ —Å–æ–±—Å—Ç–≤–µ–Ω–Ω–æ–º –æ–ø—ã—Ç–µ –∑–Ω–∞–µ—Ç: —Ä–∞–∑–±–∏—Ä–∞—Ç—å—Å—è –≤ –≤–æ–ø—Ä–æ—Å–∞—Ö —Å–±–µ—Ä–µ–∂–µ–Ω–∏—è –¥–µ–Ω–µ–≥ —Å–∞–º–æ–º—É –±–µ–∑ —Ñ–∏–Ω–∞–Ω—Å–æ–≤–æ–≥–æ –æ–±—Ä–∞–∑–æ–≤–∞–Ω–∏—è —Ç—Ä—É–¥–Ω–æ. –ü–æ—ç—Ç–æ–º—É –£–∏–ª—å—è–º –ë–µ—Ä–Ω—Å—Ç–∞–π–Ω, –Ω–µ–∑–∞–≤–∏—Å–∏–º—ã–π –∏–Ω–≤–µ—Å—Ç–æ—Ä, —Ä–µ—à–∏–ª –≤ —Å–≤–æ–µ–π –∫–Ω–∏–≥–µ —Ä–∞—Å—Å–∫–∞–∑–∞—Ç—å, –∫–∞–∫ –ø–ª–∞–Ω–∏—Ä–æ–≤–∞—Ç—å —Å–≤–æ–π –±—é–¥–∂–µ—Ç, –∏–Ω–≤–µ—Å—Ç–∏—Ü–∏–æ–Ω–Ω—ã–π –ø–æ—Ä—Ç—Ñ–µ–ª—å, –∏–∑–±–µ–∂–∞—Ç—å —Ñ–∏–Ω–∞–Ω—Å–æ–≤—ã—Ö –ª–æ–≤—É—à–µ–∫ –∏ –æ—Å—Ç–∞—Ç—å—Å—è —Å –ø—Ä–∏–±—ã–ª—å—é.

üî∑ ¬´–î–µ–Ω—å–≥–æ–≤–æ–¥—Å—Ç–≤–æ¬ª, –°–º–∏—Ä–Ω–æ–≤–∞ –ù.

–ù–∞—Ç–∞–ª—å—è –°–º–∏—Ä–Ω–æ–≤–∞ ‚Äî –Ω–µ–∑–∞–≤–∏—Å–∏–º—ã–π —Ñ–∏–Ω–∞–Ω—Å–æ–≤—ã–π —Å–æ–≤–µ—Ç–Ω–∏–∫, —ç–∫—Å–ø–µ—Ä—Ç –ø–æ –ª–∏—á–Ω—ã–º —Ñ–∏–Ω–∞–Ω—Å–∞–º –Ω–∞ –º–Ω–æ–≥–∏—Ö —Ñ–µ–¥–µ—Ä–∞–ª—å–Ω—ã—Ö —Ç–µ–ª–µ–∫–∞–Ω–∞–ª–∞—Ö. –í —Å–≤–æ–µ–π –∫–Ω–∏–≥–µ –æ–Ω–∞ –Ω–µ –ø–∏—à–µ—Ç –æ —Ç–æ–º, —á—Ç–æ –∫—Ä–µ–¥–∏—Ç ‚Äî —ç—Ç–æ –∑–ª–æ, –æ—Ç –∫–æ—Ç–æ—Ä–æ–≥–æ –Ω—É–∂–Ω–æ –±–µ–∂–∞—Ç—å. –ù–∞–ø—Ä–æ—Ç–∏–≤, –∞–≤—Ç–æ—Ä —Ä–∞—Å—Å–∫–∞–∂–µ—Ç, –∫–∞–∫ –¥–æ—Å—Ç–∏–≥–∞—Ç—å —Ñ–∏–Ω–∞–Ω—Å–æ–≤—ã—Ö —Ü–µ–ª–µ–π –±–µ–∑ –∂–µ—Å—Ç–∫–æ–π —ç–∫–æ–Ω–æ–º–∏–∏ –∏ –Ω–∞ –ø—Ä–∏–º–µ—Ä–∞—Ö –∏–∑ –∂–∏–∑–Ω–∏ —Ä–µ–∞–ª—å–Ω—ã—Ö –ª—é–¥–µ–π –ø–æ–∫–∞–∂–µ—Ç, –∫–∞–∫ –Ω–∞—É—á–∏—Ç—å—Å—è –∫–æ–ø–∏—Ç—å –Ω–∞ –Ω–µ–¥–≤–∏–∂–∏–º–æ—Å—Ç—å, –±—Ä–∞—Ç—å –∫—Ä–µ–¥–∏—Ç—ã —Å —É–º–æ–º –∏ –Ω–∞—Ä–∞—â–∏–≤–∞—Ç—å –∫–∞–ø–∏—Ç–∞–ª.

üî∑ ¬´–õ—é–±–∏—Ç—å. –°—á–∏—Ç–∞—Ç—å. –ö–∞–∫ –ø–æ—Å—Ç—Ä–æ–∏—Ç—å –∫—Ä–µ–ø–∫–∏–µ –∏ –∑–¥–æ—Ä–æ–≤—ã–µ –æ—Ç–Ω–æ—à–µ–Ω–∏—è –Ω–∞ –æ—Å–Ω–æ–≤–µ —Ñ–∏–Ω–∞–Ω—Å–æ–≤–æ–π –Ω–µ–∑–∞–≤–∏—Å–∏–º–æ—Å—Ç–∏¬ª, –®–∏—à–∫–∏–Ω–∞ –°.

–ù–µ—Ç–∏–ø–∏—á–Ω–∞—è –∫–Ω–∏–≥–∞ –¥–ª—è –∂–µ–Ω—â–∏–Ω –æ —Ç–æ–º, –∫–∞–∫ –æ–±—Ä–µ—Å—Ç–∏ —Ñ–∏–Ω–∞–Ω—Å–æ–≤—É—é –Ω–µ–∑–∞–≤–∏—Å–∏–º–æ—Å—Ç—å. –í –æ—Ç–ª–∏—á–∏–∏ –æ—Ç –¥—Ä—É–≥–∏—Ö –∫–Ω–∏–≥ –ø–æ —ç—Ç–æ–π —Ç–µ–º–µ, –∑–¥–µ—Å—å –∞–≤—Ç–æ—Ä —Ä–∞—Å—Å–∫–∞–∂–µ—Ç, –∫–∞–∫ –ø–æ—Å—Ç—Ä–æ–∏—Ç—å –æ—Ç–Ω–æ—à–µ–Ω–∏—è —Å –¥–µ–Ω—å–≥–∞–º–∏ –±–µ–∑ –∑–∞–≤–∏—Å–∏–º–æ—Å—Ç–∏ –æ—Ç –ø–∞—Ä—Ç–Ω—ë—Ä–∞ –∏ –∫–∞–∫ –∑–∞—â–∏—Ç–∏—Ç—å —Å–≤–æ–∏ –ø—Ä–∞–≤–∞ –Ω–∞ —Ä–∞–∑–Ω—ã—Ö —ç—Ç–∞–ø–∞—Ö –∂–∏–∑–Ω–∏: –æ—Ç –º–æ–º–µ–Ω—Ç–∞ –∑–∞–∫–ª—é—á–µ–Ω–∏—è –±—Ä–∞–∫–∞ –¥–æ –ø–æ–¥–≥–æ—Ç–æ–≤–∫–∏ –∫ –ø–µ–Ω—Å–∏–æ–Ω–Ω—ã–º –Ω–∞–∫–æ–ø–ª–µ–Ω–∏—è–º.

üî∑ ¬´–§–∏–Ω–∞–Ω—Å–æ–≤—ã–π –µ–∂–µ–¥–Ω–µ–≤–Ω–∏–∫¬ª, –ì–µ—Ä–∞—Å–∏–º–æ–≤ –ê.

–ï—Å–ª–∏ –Ω–µ –º–æ–∂–µ—Ç–µ —Ç–æ—á–Ω–æ —Å–∫–∞–∑–∞—Ç—å, —Å–∫–æ–ª—å–∫–æ –ø–æ—Ç—Ä–∞—Ç–∏–ª–∏ –≤ –ø—Ä–æ—à–ª–æ–º –º–µ—Å—è—Ü–µ, —ç—Ç–∞ –∫–Ω–∏–≥–∞ –¥–ª—è –≤–∞—Å. –ê–≤—Ç–æ—Ä —É–≤–µ—Ä–µ–Ω, —á—Ç–æ —É—á—ë—Ç —Å–≤–æ–∏—Ö –¥–µ–Ω–µ–∂–Ω—ã—Ö —Å—Ä–µ–¥—Å—Ç–≤ ‚Äî –ø—Ä–∏–≤—ã—á–∫–∞, –∫–æ—Ç–æ—Ä—É—é –Ω—É–∂–Ω–æ —Ç—Ä–µ–Ω–∏—Ä–æ–≤–∞—Ç—å. –î–ª—è —Ç–µ—Ö, –∫—Ç–æ –Ω–µ –¥–æ–≤–µ—Ä—è–µ—Ç –±–∞–Ω–∫–æ–≤—Å–∫–∏–º –ø—Ä–∏–ª–æ–∂–µ–Ω–∏—è–º –∏–ª–∏ –ª—é–±–∏—Ç –ø–∏—Å–∞—Ç—å –æ—Ç —Ä—É–∫–∏, –ê–ª–µ–∫—Å–µ–π –ì–µ—Ä–∞—Å–∏–º–æ–≤ –ø–æ–¥–≥–æ—Ç–æ–≤–∏–ª —Ñ–∏–Ω–∞–Ω—Å–æ–≤—ã–π –µ–∂–µ–¥–Ω–µ–≤–Ω–∏–∫ ‚Äî –∂—É—Ä–Ω–∞–ª —É—á–µ—Ç–∞ —Ä–∞—Å—Ö–æ–¥–æ–≤, —á—Ç–æ–±—ã –ª—É—á—à–µ –∏—Å–ø–æ–ª—å–∑–æ–≤–∞—Ç—å —Å–≤–æ–∏ –¥–µ–Ω—å–≥–∏ –∏ –Ω–∞–∫–æ–ø–∏—Ç—å –Ω–∞ –æ—Å—É—â–µ—Å—Ç–≤–ª–µ–Ω–∏–µ –∫–∞–∫–æ–π-–Ω–∏–±—É–¥—å –º–µ—á—Ç—ã. 

üî∑ ¬´–ñ–ª–æ–±–æ–ª–æ–≥–∏—è¬ª, –ú–∞—Ä–∫–æ–≤ –ê.

–ê–ª–µ–∫—Å–µ–π –ú–∞—Ä–∫–æ–≤ ‚Äî –ø—Ä–µ–ø–æ–¥–∞–≤–∞—Ç–µ–ª—å –∫—É—Ä—Å–∞ ¬´–ú–µ–∂–¥—É–Ω–∞—Ä–æ–¥–Ω—ã–µ —Ñ–æ–Ω–¥–æ–≤—ã–µ —Ä—ã–Ω–∫–∏¬ª –†–≠–£ –∏–º. –ü–ª–µ—Ö–∞–Ω–æ–≤–∞, –≤ —Å–≤–æ–µ–π –∫–Ω–∏–≥–µ —Ä–∞—Å—Å–∫–∞–∑—ã–≤–∞–µ—Ç, –∫–∞–∫ –¥–∞–∂–µ –ø—Ä–∏ –º–∞–ª–µ–Ω—å–∫–æ–π –∑–∞—Ä–ø–ª–∞—Ç–µ —Ä–µ–≥—É–ª—è—Ä–Ω–æ –æ—Ç–∫–ª–∞–¥—ã–≤–∞—Ç—å –¥–µ–Ω—å–≥–∏ –∏ —Ç—Ä–∞—Ç–∏—Ç—å –∏—Ö —Å —É–º–æ–º. –ù–æ —ç—Ç–æ –µ—â–µ –Ω–µ –≤—Å—ë: –∞–≤—Ç–æ—Ä –¥–µ—Ç–∞–ª—å–Ω–æ —Ä–∞–∑–±–∏—Ä–∞–µ—Ç –ø—Å–∏—Ö–æ–ª–æ–≥–∏—á–µ—Å–∫–∏–µ –ø—Ä–∏—á–∏–Ω—ã, –ø–æ –∫–æ—Ç–æ—Ä—ã–º –Ω–µ –º–æ–∂–µ—Ç —Ä–∞–∑–±–æ–≥–∞—Ç–µ—Ç—å —á–µ–ª–æ–≤–µ–∫, –∞ –∑–∞–æ–¥–Ω–æ –ø—Ä–∏–≤–æ–¥–∏—Ç –Ω–∞–±–æ—Ä —Ä–∞–±–æ—á–∏—Ö –∫–µ–π—Å–æ–≤ –¥–ª—è –ø–æ–≤—ã—à–µ–Ω–∏—è —Ñ–∏–Ω–∞–Ω—Å–æ–≤–æ–π –≥—Ä–∞–º–æ—Ç–Ω–æ—Å—Ç–∏."
6,2021-05-29 14:19:00,–§–æ—Ä—É–º –ø–æ —Ä–æ–±–æ—Ç–∏–∑–∞—Ü–∏–∏ –ø—Ä–æ—Ü–µ—Å—Å–æ–≤ –∏ —Å–æ–±—ã—Ç–∏–µ –¥–ª—è —ç–π—á–∞—Ä–æ–≤ üëá
7,2021-05-29 09:01:00,"–°–æ–±—Ä–∞–ª–∏ –ø–æ–¥–±–æ—Ä–∫—É —Å—Ç–∞—Ç–µ–π, —á—Ç–æ–±—ã –≤—ã —Ä–∞–∑–æ–±—Ä–∞–ª–∏—Å—å –≤ –æ—Ç–ª–∏—á–∏–∏ –ø—Ä–æ–¥–∞–∫—Ç–æ–≤ –æ—Ç –ø—Ä–æ–¥–∂–µ–∫—Ç–æ–≤ üòâ 
 
üî∏–ü–æ—á–µ–º—É –ø—Ä–æ–¥–∞–∫—Ç-–º–∞—Ä–∫–µ—Ç–æ–ª–æ–≥–∞ –ø—Ä–æ—â–µ –≤—ã—Ä–∞—Å—Ç–∏—Ç—å, —á–µ–º –Ω–∞–π—Ç–∏ ‚Üí http://netolo.gy/gzY 
 
üî∏–ü—Ä–æ–¥–∞–∫—Ç-–º–∞—Ä–∫–µ—Ç–æ–ª–æ–≥: —á–µ–º –∑–∞–Ω–∏–º–∞–µ—Ç—Å—è, —Å–∫–æ–ª—å–∫–æ –∑–∞—Ä–∞–±–∞—Ç—ã–≤–∞–µ—Ç –∏ –∫–∞–∫–∏–º –∫–æ–º–ø–∞–Ω–∏—è–º –Ω—É–∂–µ–Ω ‚Üí http://netolo.gy/gzZ 
 
üî∏–ö—Ç–æ –¥–æ–ª–∂–µ–Ω —É–ø—Ä–∞–≤–ª—è—Ç—å –ø—Ä–æ–¥—É–∫—Ç–æ–º –∏ –ø–æ—á–µ–º—É –≥–ª–∞–≤–Ω–æ–µ –∫–∞—á–µ—Å—Ç–≤–æ –ø—Ä–æ–¥–∞–∫—Ç-–º–µ–Ω–µ–¥–∂–µ—Ä–∞ ‚Äî —Ö–∞—Ä–∏–∑–º–∞ ‚Üí http://netolo.gy/gz0 
 
üî∏–ö—Ç–æ —Ç–∞–∫–æ–π –ø—Ä–æ–¥–∂–µ–∫—Ç –º–µ–Ω–µ–¥–∂–µ—Ä, —á–µ–º –æ–Ω –∑–∞–Ω–∏–º–∞–µ—Ç—Å—è –∏ –∫–∞–∫ –∏–º —Å—Ç–∞—Ç—å ‚Üí http://netolo.gy/gz1 
 
üî∏–ß–µ–º –æ—Ç–ª–∏—á–∞–µ—Ç—Å—è –ø—Ä–æ–¥–∞–∫—Ç-–º–µ–Ω–µ–¥–∂–µ—Ä –æ—Ç –ø—Ä–æ–¥–∂–µ–∫—Ç-–º–µ–Ω–µ–¥–∂–µ—Ä–∞ ‚Üí http://netolo.gy/gz2"
8,2021-05-28 08:45:00,"–°—Ç–∞—Ä—Ç –Ω–æ–≤–æ–π –∫–∞—Ä—å–µ—Ä—ã ‚Äî —Å–ª–æ–∂–Ω–æ–µ –≤—Ä–µ–º—è, —Ä–∞–∑–æ–±—Ä–∞—Ç—å—Å—è –≤–æ –≤—Å—ë–º –ø–æ–º–æ–≥—É—Ç –Ω–∞—à–∏ –±–µ—Å–ø–ª–∞—Ç–Ω—ã–µ –∑–∞–Ω—è—Ç–∏—è üôÉ 
 
–£–∑–Ω–∞–µ—Ç–µ, –∫–∞–∫ —Å–¥–µ–ª–∞—Ç—å –ø–µ—Ä–≤—ã–µ —à–∞–≥–∏ –≤ –∞–Ω–∞–ª–∏—Ç–∏–∫–µ, –º–µ–Ω–µ–¥–∂–º–µ–Ω—Ç–µ, –ø—Ä–æ–≥—Ä–∞–º–º–∏—Ä–æ–≤–∞–Ω–∏–∏ –∏ —Ç–∞—Ä–≥–µ—Ç–µ: 
 
üî∏ 2 –∏—é–Ω—è, 17:00 ‚Äî –æ—Ç–∫—Ä—ã—Ç–æ–µ –∑–∞–Ω—è—Ç–∏–µ ¬´–ß—Ç–æ –¥–µ–ª–∞–µ—Ç –±–∏–∑–Ω–µ—Å-–∞–Ω–∞–ª–∏—Ç–∏–∫ –∏ –∫–∞–∫ –∏–º —Å—Ç–∞—Ç—å¬ª 
–ù–∞ —Å—Ç—Ä–∏–º–µ —É–∑–Ω–∞–µ—Ç–µ, –∫–∞–∫–∏–µ –∑–∞–¥–∞—á–∏ —Ä–µ—à–∞–µ—Ç –±–∏–∑–Ω–µ—Å-–∞–Ω–∞–ª–∏—Ç–∏–∫–∞, –∫–∞–∫–∏–º –∫–æ–º–ø–∞–Ω–∏—è–º–∏ –æ–Ω–∞ –Ω—É–∂–Ω–∞ –∏ –∫–∞–∫ –≤–æ–π—Ç–∏ –≤ –ø—Ä–æ—Ñ–µ—Å—Å–∏—é ‚Üí http://netolo.gy/gAD 
 
üî∏ 7 –∏—é–Ω—è —Å—Ç–∞—Ä—Ç—É–µ—Ç –∫—É—Ä—Å ¬´–ö–∞–∫ —Å—Ç–∞—Ç—å –ø—Ä–æ–¥–∞–∫—Ç- –∏–ª–∏ –ø—Ä–æ–¥–∂–µ–∫—Ç-–º–µ–Ω–µ–¥–∂–µ—Ä–æ–º¬ª 
–í —Ç–µ—á–µ–Ω–∏–µ —á–µ—Ç—ã—Ä—ë—Ö –¥–Ω–µ–π —á–µ—Ç—ã—Ä–µ —ç–∫—Å–ø–µ—Ä—Ç–∞-–ø—Ä–∞–∫—Ç–∏–∫–∞ –±—É–¥—É—Ç —Ä–∞—Å—Å–∫–∞–∑—ã–≤–∞—Ç—å, –∫–∞–∫–∏–µ –∑–∞–¥–∞—á–∏ –≤—ã–ø–æ–ª–Ω—è—é—Ç —Ä–∞–∑–Ω—ã–µ —Å–ø–µ—Ü–∏–∞–ª–∏—Å—Ç—ã, –∫–∞–∫–∏–µ –Ω–∞–≤—ã–∫–∏ –Ω—É–∂–Ω—ã –¥–ª—è –ø—Ä–æ–¥–∞–∫—Ç–æ–≤ –∏ –ø—Ä–æ–¥–∂–µ–∫—Ç–æ–≤, –∫–∞–∫ —Ä–∞—Å—Ç–∏ –≤ –ø—Ä–æ—Ñ–µ—Å—Å–∏–∏ ‚Üí http://netolo.gy/gAE 
 
üî∏ 8 –∏—é–Ω—è, 19:00 ‚Äî –æ—Ç–∫—Ä—ã—Ç–æ–µ –∑–∞–Ω—è—Ç–∏–µ ¬´–ê—Ä—Ç-–º–µ–Ω–µ–¥–∂–º–µ–Ω—Ç: –∫–∞–∫ —É–ø—Ä–∞–≤–ª—è—Ç—å –ø—Ä–æ–µ–∫—Ç–∞–º–∏ –≤ —Å—Ñ–µ—Ä–µ –∏—Å–∫—É—Å—Å—Ç–≤–∞¬ª 
–ö–∞–∫ —É—Å—Ç—Ä–æ–µ–Ω—ã –ø—Ä–æ—Ü–µ—Å—Å—ã –≤ –∞—Ä—Ç‚Äë–∏–Ω–¥—É—Å—Ç—Ä–∏–∏, —á–µ–º –∑–∞–Ω–∏–º–∞–µ—Ç—Å—è –∞—Ä—Ç‚Äë–º–µ–Ω–µ–¥–∂–µ—Ä, –∫–∞–∫ –≤–æ–π—Ç–∏ –≤ –ø—Ä–æ—Ñ–µ—Å—Å–∏—é ‚Äî –≤—Å–µ –æ—Ç–≤–µ—Ç—ã —É–∑–Ω–∞–µ—Ç–µ –∑–¥–µ—Å—å ‚Üí http://netolo.gy/gAg 
 
üî∏ 14 –∏—é–Ω—è —Å—Ç–∞—Ä—Ç—É–µ—Ç –∫—É—Ä—Å ¬´–ö–∞–∫ —Å—Ç–∞—Ç—å –ø—Ä–æ–≥—Ä–∞–º–º–∏—Å—Ç–æ–º¬ª 
–í—Å–µ–≥–æ —Ç—Ä–∏ –æ–Ω–ª–∞–π–Ω-–ª–µ–∫—Ü–∏–∏ –∏ —É–∑–Ω–∞–µ—Ç–µ, —á–µ–≥–æ –æ–∂–∏–¥–∞—Ç—å –æ—Ç –ø—Ä–æ—Ñ–µ—Å—Å–∏–∏, –Ω–∞—Å–∫–æ–ª—å–∫–æ –æ–Ω–∞ –ø–æ–¥—Ö–æ–¥–∏—Ç –∏–º–µ–Ω–Ω–æ –≤–∞–º –∏ –∫–∞–∫–æ–µ –Ω–∞–ø—Ä–∞–≤–ª–µ–Ω–∏–µ –≤—ã–±—Ä–∞—Ç—å ‚Üí http://netolo.gy/gAG 
 
üî∏ 15 –∏—é–Ω—è —Å—Ç–∞—Ä—Ç—É–µ—Ç –∫—É—Ä—Å ¬´–ü—Ä–æ—Ñ–µ—Å—Å–∏—è —Ç–∞—Ä–≥–µ—Ç–æ–ª–æ–≥: –∫–∞–∫ —Ä–∞–∑–≤–∏–≤–∞—Ç—å—Å—è –∏ –∫—É–¥–∞ —Ä–∞—Å—Ç–∏¬ª 
–ü–æ—Å–º–æ—Ç—Ä–∏—Ç–µ –Ω–∞ —Ä—ã–Ω–æ–∫ –∏ —Ç—Ä–µ–Ω–¥—ã, –∏–∑—É—á–∏—Ç–µ –æ–±—è–∑–∞–Ω–Ω–æ—Å—Ç–∏ —Ç–∞—Ä–≥–µ—Ç–æ–ª–æ–≥–∞ –∏ –æ–±—Å—É–¥–∏—Ç–µ —Ç—Ä–∞–µ–∫—Ç–æ—Ä–∏—é ‚Üí http://netolo.gy/gAH"
9,2021-05-27 16:01:00,"–ú–Ω–æ–≥–∏–µ –±–æ—è—Ç—Å—è –∫—Ä–∏—Ç–∏–∫–∏ –∏ —Ä–∞—Å—Å—Ç—Ä–∞–∏–≤–∞—é—Ç—Å—è, –∫–æ–≥–¥–∞ –æ–∫—Ä—É–∂–∞—é—â–∏–µ –Ω–µ–≥–∞—Ç–∏–≤–Ω–æ –æ—Ç–∑—ã–≤–∞—é—Ç—Å—è –æ —Ä–µ–∑—É–ª—å—Ç–∞—Ç–∞—Ö –∏—Ö —Ä–∞–±–æ—Ç—ã. 
 
–†–∞—Å—Å–∫–∞–∑—ã–≤–∞–µ–º, –∫–∞–∫ –Ω–∞—É—á–∏—Ç—å—Å—è –Ω–µ –ø–µ—Ä–µ–∂–∏–≤–∞—Ç—å, –∫–æ–≥–¥–∞ –≤–∞—Å –∫—Ä–∏—Ç–∏–∫—É—é—Ç üëá"
10,2021-05-27 07:15:00,"–ù–∞—à–∞ –≤—ã–ø—É—Å–∫–Ω–∏—Ü–∞ –ï–ª–∏–∑–∞–≤–µ—Ç–∞ –ú–∏–ª–æ–≤–∞–Ω–æ–≤–∞ —É—Ç–≤–µ—Ä–∂–¥–∞–µ—Ç, —á—Ç–æ –±–µ–∑ –ª—é–±–≤–∏ –∫ —Ä–∞–±–æ—Ç–µ ‚Äî –Ω–∏–∫—É–¥–∞ üíï 
 
–í –Ω–æ–≤–æ–º —Ä–æ–ª–∏–∫–µ —É–∑–Ω–∞–µ—Ç–µ –∏—Å—Ç–æ—Ä–∏—é –¥–µ–≤—É—à–∫–∏, –∫–æ—Ç–æ—Ä–∞—è –ø–µ—Ä–µ—Å—Ç–∞–ª–∞ —Ä–∞–±–æ—Ç–∞—Ç—å –Ω–∞ –∑–∞–≤–æ–¥–µ –∏ —Å—Ç–∞–ª–∞ UX/UI-–¥–∏–∑–∞–π–Ω–µ—Ä–æ–º ‚Üí http://netolo.gy/gzH"
11,2021-05-26 14:25:00,"–†–∞–Ω—å—à–µ –±—ã–ª–æ –ª—É—á—à–µ, –∞ –º–æ–∂–µ—Ç –∏ –Ω–µ—Ç ü§î 
 
–ö–∞–∫–æ–π —Ñ–æ—Ä–º–∞—Ç —Ä–∞–±–æ—Ç—ã –≤–∞–º –Ω—Ä–∞–≤–∏—Ç—Å—è –±–æ–ª—å—à–µ: –≤ –æ—Ñ–∏—Å–µ –∏–ª–∏ –Ω–∞ —É–¥–∞–ª—ë–Ω–∫–µ?"
12,2021-05-26 07:41:00,"–î–æ—Å—Ç–∞–≤–∫–∞ –ø—Ä–æ–¥—É–∫—Ç–æ–≤ –Ω–∞ –¥–æ–º, –∑–Ω–∞–∫–æ–º—Å—Ç–≤–∞ –≤ —Å–æ—Ü—Å–µ—Ç—è—Ö, –ø–æ–¥—Å—á—ë—Ç —à–∞–≥–æ–≤ –≤ –ø—Ä–∏–ª–æ–∂–µ–Ω–∏–∏ ‚Äî –≤—Å—ë —ç—Ç–æ –¥–∏–¥–∂–∏—Ç–∞–ª üï∏ 
 
–ù–∞ –±–µ—Å–ø–ª–∞—Ç–Ω–æ–º –∫—É—Ä—Å–µ ¬´–î–∏–¥–∂–∏—Ç–∞–ª-—Å—Ç–∞—Ä—Ç¬ª –∏–∑—É—á–∏—Ç–µ –æ—Å–Ω–æ–≤–Ω—ã–µ –∏–Ω—Ç–µ—Ä–Ω–µ—Ç-–ø—Ä–æ—Ñ–µ—Å—Å–∏–∏ –∏ —É–∑–Ω–∞–µ—Ç–µ, —á–µ–º –∑–∞–Ω–∏–º–∞—é—Ç—Å—è –º–∞—Ä–∫–µ—Ç–æ–ª–æ–≥–∏, –¥–∏–∑–∞–π–Ω–µ—Ä—ã –∏ —Ä–∞–∑—Ä–∞–±–æ—Ç—á–∏–∫–∏. –í –∏—Ç–æ–≥–µ –ø–æ–π–º—ë—Ç–µ, –∫–∞–∫–∞—è —Å–ø–µ—Ü–∏–∞–ª—å–Ω–æ—Å—Ç—å –≤–∞–º –ø–æ–¥—Ö–æ–¥–∏—Ç –∏ –∫–∞–∫ —Å–¥–µ–ª–∞—Ç—å –ø–µ—Ä–≤—ã–µ —à–∞–≥–∏ –≤ –Ω–µ–π 
 
–ù–∞—á–∞—Ç—å —É—á–∏—Ç—å—Å—è –º–æ–∂–Ω–æ –ø—Ä—è–º–æ —Å–µ–π—á–∞—Å ‚Üí http://netolo.gy/gzA"
13,2021-05-25 14:31:00,"–¢—Ä–µ–Ω–¥—ã –≤ —Ä–µ–∫–ª–∞–º–µ –º–µ–Ω—è—é—Ç—Å—è –ø–æ—á—Ç–∏ –∫–∞–∂–¥—ã–π –¥–µ–Ω—å: —Ç—Ä—É–¥–Ω–æ –∑–∞ –≤—Å–µ–º —É—Å–ª–µ–¥–∏—Ç—å, –¥–∞–∂–µ –µ—Å–ª–∏ –≤—ã –Ω–∞—Å—Ç–æ—è—â–∏–π –ø—Ä–æ—Ñ–µ—Å—Å–∏–æ–Ω–∞–ª. 
 
–î–µ–ª–∏–º—Å—è –ª–∞–π—Ñ—Ö–∞–∫–∞–º–∏, –∫–æ—Ç–æ—Ä—ã–µ –ø–æ–º–æ–≥—É—Ç –ª—É—á—à–µ —Ä–∞–±–æ—Ç–∞—Ç—å –≤ –∫–æ–Ω—Ç–µ–∫—Å—Ç–Ω–æ–π —Ä–µ–∫–ª–∞–º–µ, –º–∞—Ä–∫–µ—Ç–∏–Ω–≥–µ –∏ SEO üëá"
14,2021-05-25 08:33:00,"–°–æ—Ü—Å–µ—Ç–∏ ‚Äî –Ω–µ —Ç–æ–ª—å–∫–æ –º–µ—Å—Ç–æ –¥–ª—è –æ–±—â–µ–Ω–∏—è —Å –¥—Ä—É–∑—å—è–º–∏, –Ω–æ –∏ –ø–ª–∞—Ç—Ñ–æ—Ä–º–∞ –¥–ª—è –ø–æ–∏—Å–∫–∞ –∫–ª–∏–µ–Ω—Ç–æ–≤ –∏ –ø—Ä–æ–¥–≤–∏–∂–µ–Ω–∏—è —Ç–æ–≤–∞—Ä–æ–≤. 
 
–ò–º–µ–Ω–Ω–æ —ç—Ç–∏–º –∑–∞–Ω–∏–º–∞–µ—Ç—Å—è SMM-–º–µ–Ω–µ–¥–∂–µ—Ä, –∞ –≤–æ—Ç —á—Ç–æ –µ—â—ë –≤—Ö–æ–¥–∏—Ç –≤ –µ–≥–æ –æ–±—è–∑–∞–Ω–Ω–æ—Å—Ç–∏ ‚Üí http://netolo.gy/gzz"
15,2021-05-24 14:12:00,"–°–æ–±—ã—Ç–∏—è 2020 –≥–æ–¥–∞ –∫–∞—Ä–¥–∏–Ω–∞–ª—å–Ω–æ –∏–∑–º–µ–Ω–∏–ª–∏ —ç–∫–æ–Ω–æ–º–∏–∫—É: —Ç–æ—Ä–≥–æ–≤–ª—è –ø–æ—á—Ç–∏ –ø–æ–ª–Ω–æ—Å—Ç—å—é –ø–µ—Ä–µ—à–ª–∞ –≤ –æ–Ω–ª–∞–π–Ω üí∞ 
 
–ì—É–≥–ª –ø—Ä–æ–≤—ë–ª –∞–Ω–∞–ª–∏–∑ –ø–æ–∏—Å–∫–æ–≤—ã—Ö –∑–∞–ø—Ä–æ—Å–æ–≤ –∏ —Å–æ—Å—Ç–∞–≤–∏–ª –ø—è—Ç—å —Ç—Ä–µ–Ω–¥–æ–≤ –Ω–∞ —Ä—ã–Ω–∫–µ ‚Üí http://netolo.gy/gzy"
16,2021-05-24 08:01:00,"üìö 31 –º–∞—è —Å—Ç–∞—Ä—Ç—É–µ—Ç –∫—É—Ä—Å ¬´Python-—Ä–∞–∑—Ä–∞–±–æ—Ç–∫–∞ –¥–ª—è –Ω–∞—á–∏–Ω–∞—é—â–∏—Ö¬ª 
 
–ó–∞ –¥–≤–µ –Ω–µ–¥–µ–ª–∏ —É–∑–Ω–∞–µ—Ç–µ, –∫–∞–∫–∏–µ –µ—Å—Ç—å –ø–µ—Ä—Å–ø–µ–∫—Ç–∏–≤—ã –≤ –ø—Ä–æ—Ñ–µ—Å—Å–∏–∏ —Ä–∞–∑—Ä–∞–±–æ—Ç—á–∏–∫–∞, –Ω–∞—É—á–∏—Ç–µ—Å—å –∫–æ–¥–∏—Ç—å –∏ –ø–æ—Å—Ç—Ä–æ–∏—Ç–µ –∫–∞—Ä—å–µ—Ä–Ω—ã–π –ø–ª–∞–Ω üèÉ‚Äç‚ôÄ 
 
–ü—Ä–∏—Å—Ç—É–ø–∏—Ç—å –º–æ–∂–Ω–æ —Å –ª—é–±—ã–º —É—Ä–æ–≤–Ω–µ–º –ø–æ–¥–≥–æ—Ç–æ–≤–∫–∏ ‚Üí http://netolo.gy/gAs"
17,2021-05-23 09:05:00,"–ù–∞–¥ —Å–æ–∑–¥–∞–Ω–∏–µ–º –ª—é–±–æ–π –≤–∏–¥–µ–æ–∏–≥—Ä—ã —Ä–∞–±–æ—Ç–∞—é—Ç –ø—Ä–æ–≥—Ä–∞–º–º–∏—Å—Ç—ã, –≥–µ–π–º–¥–∏–∑–∞–π–Ω–µ—Ä—ã, —Ö—É–¥–æ–∂–Ω–∏–∫–∏, –∑–≤—É–∫–æ—Ä–µ–∂–∏—Å—Å—ë—Ä—ã –∏ —Ç–µ—Å—Ç–∏—Ä–æ–≤—â–∏–∫–∏. 
 
–ê–≤—Ç–æ—Ä—ã —ç—Ç–∏—Ö –∫–Ω–∏–≥ —Ä–∞—Å—Å–∫–∞–∂—É—Ç, –ø–æ—á–µ–º—É –Ω–µ –≤—Å–µ–≥–¥–∞ —É —ç—Ç–∏—Ö –ª—é–¥–µ–π –ø–æ–ª—É—á–∞–µ—Ç—Å—è –≤–∑—è—Ç—å –∏ –ø—Ä–æ—Å—Ç–æ –Ω–∞—Ä–∏—Å–æ–≤–∞—Ç—å –∏–≥—Ä—É üëá
 
‚ñ™–ö—Ä–æ–≤—å, –ø–æ—Ç –∏ –ø–∏–∫—Å–µ–ª–∏. –û–±—Ä–∞—Ç–Ω–∞—è —Å—Ç–æ—Ä–æ–Ω–∞ –∏–Ω–¥—É—Å—Ç—Ä–∏–∏ –≤–∏–¥–µ–æ–∏–≥—Ä, –®—Ä–µ–π–µ—Ä –î–∂–µ–π—Å–æ–Ω 
 
–ö–Ω–∏–≥–∞ –æ –ø–æ–¥–Ω–æ–≥–æ—Ç–Ω–æ–π –ø—Ä–æ—Ü–µ—Å—Å–∞ —Å–æ–∑–¥–∞–Ω–∏—è –∫–æ–º–ø—å—é—Ç–µ—Ä–Ω—ã—Ö –∏–≥—Ä –≥–ª–∞–∑–∞–º–∏ —Å–∞–º–∏—Ö —Ä–∞–∑—Ä–∞–±–æ—Ç—á–∏–∫–æ–≤. –ê–º–µ—Ä–∏–∫–∞–Ω—Å–∫–∏–π –∂—É—Ä–Ω–∞–ª–∏—Å—Ç –î–∂–µ–π—Å–æ–Ω –®—Ä–µ–π–µ—Ä —Å–æ–±—Ä–∞–ª –≤ —Å–≤–æ–µ–π –∫–Ω–∏–≥–µ –∏—Å—Ç–æ—Ä–∏–∏ —Ä–∞–∑—Ä–∞–±–æ—Ç–∫–∏ –ª—É—á—à–∏—Ö –∫–æ–º–ø—å—é—Ç–µ—Ä–Ω—ã—Ö –∏–≥—Ä –ø–æ—Å–ª–µ–¥–Ω–∏—Ö –ª–µ—Ç: Diablo III, Dragon Age: Inquisition, Witcher III –∏ –º–Ω–æ–≥–∏—Ö –¥—Ä—É–≥–∏—Ö. –ö–Ω–∏–≥–∞ –æ—Å–æ–±–µ–Ω–Ω–æ –ø—Ä–∏–≥–æ–¥–∏—Ç—Å—è —Ç–µ–º, –∫—Ç–æ –º–µ—á—Ç–∞–µ—Ç —Å—Ç–∞—Ç—å —á–∞—Å—Ç—å—é –∏–≥—Ä–æ–≤–æ–π –∏–Ω–¥—É—Å—Ç—Ä–∏–∏ –∏ —Ö–æ—á–µ—Ç —É–∑–Ω–∞—Ç—å, —á—Ç–æ –ø—Ä—è—á–µ—Ç—Å—è –∑–∞ —Ñ–∞—Å–∞–¥–æ–º –∏–∑–≤–µ—Å—Ç–Ω—ã—Ö –ø—Ä–æ–µ–∫—Ç–æ–≤. 
 
‚ñ™Minecraft. –ù–µ–≤–µ—Ä–æ—è—Ç–Ω–∞—è –∏—Å—Ç–æ—Ä–∏—è –ú–∞—Ä–∫—É—Å–∞ ¬´–ù–æ—Ç—á–∞¬ª –ü–µ—Ä—Å—Å–æ–Ω–∞ –∏ –∏–≥—Ä—ã, –∏–∑–º–µ–Ω–∏–≤—à–µ–π –º–∏—Ä, –õ–∞—Äc—Å–æ–Ω –õ–∏–Ω—É—Å, –ì–æ–ª–¥–±–µ—Ä–≥ –î–∞–Ω–∏—ç–ª—å 
 
–ò—Å—Ç–æ—Ä–∏—è –∏–≥—Ä—ã —Å –ø—Ä–æ—Å—Ç–æ–π –≥—Ä–∞—Ñ–∏–∫–æ–π –∏ –º–Ω–æ–≥–æ–º–∏–ª–ª–∏–æ–Ω–Ω—ã–º–∏ –æ–±–æ—Ä–æ—Ç–∞–º–∏. –ö–∞–∫ —à–≤–µ–¥—Å–∫–æ–º—É —Ä–∞–∑—Ä–∞–±–æ—Ç—á–∏–∫—É –ú–∞—Ä–∫—É—Å—É –ü–µ—Ä—Å—Å–æ–Ω—É —É–¥–∞–ª–æ—Å—å —Å–æ–∑–¥–∞—Ç—å —Å–∞–º—É—é –ø—Ä–æ–¥–∞–≤–∞–µ–º—É—é –∏–≥—Ä—É –≤ –∏—Å—Ç–æ—Ä–∏–∏? –ù–∞ —ç—Ç–æ—Ç –≤–æ–ø—Ä–æ—Å –æ—Ç–≤–µ—á–∞–µ—Ç –∞–≤—Ç–æ—Ä –∫–Ω–∏–≥–∏, –∫–æ—Ç–æ—Ä—ã–π –ø–æ–ø—ã—Ç–∞–ª—Å—è —Ä–∞–∑–æ–±—Ä–∞—Ç—å—Å—è –≤ —Ñ–µ–Ω–æ–º–µ–Ω–µ –Ω–µ–≤–µ—Ä–æ—è—Ç–Ω–æ–π –ø–æ–ø—É–ª—è—Ä–Ω–æ—Å—Ç–∏ –∏–≥—Ä—ã –∏ –æ–±—ä—è—Å–Ω–∏—Ç—å, –ø–æ—á–µ–º—É Minecraft ‚Äî —ç—Ç–æ –∏—Å—Ç–æ—Ä–∏—è –æ —Ç–æ–º, –∫–∞–∫ –≤–æ–ø–ª–æ—Ç–∏—Ç—å –º–µ—á—Ç—É –≤ –∂–∏–∑–Ω—å. 
 
‚ñ™Hey! Listen! –ü—É—Ç–µ—à–µ—Å—Ç–≤–∏–µ –ø–æ –∑–æ–ª–æ—Ç–æ–º—É –≤–µ–∫—É –≤–∏–¥–µ–æ–∏–≥—Ä, –ú–∞–∫–Ω–∏–ª –°—Ç–∏–≤ 
 
–ü–æ–º–Ω–∏—Ç–µ –ú–∞—Ä–∏–æ? –ê–≤—Ç–æ—Ä —ç—Ç–æ–π –∫–Ω–∏–≥–∏, –°—Ç–∏–≤ –ú–∞–∫–Ω–∏–ª, –ø—Ä–µ–¥–∞–Ω–Ω—ã–π —Ñ–∞–Ω–∞—Ç –∏–≥—Ä 70‚Äî90-—Ö, —Ä–∞—Å—Å–∫–∞–∂–µ—Ç –æ–± –∏—Å—Ç–æ–∫–∞—Ö –∏–≥—Ä–æ–≤–æ–π –∏–Ω–¥—É—Å—Ç—Ä–∏–∏ –∏ –æ —Ç–æ–º, —Å —á–µ–≥–æ –≤—Å—ë –Ω–∞—á–∏–Ω–∞–ª–æ—Å—å. –ö–Ω–∏–≥–∞ –¥–ª—è —Ç–µ—Ö, –∫—Ç–æ —Ö–æ—á–µ—Ç —É–∑–Ω–∞—Ç—å, –∫–∞–∫ –ø–æ—è–≤–∏–ª–∏—Å—å –∑–∞–∫–æ–Ω—ã –ª—é–±–æ–≥–æ –∏–≥—Ä–æ–≤–æ–≥–æ —Å—é–∂–µ—Ç–∞ –∏ –æ—Ç–∫—É–¥–∞ –ø–æ—è–≤–∏–ª–∏—Å—å –ø—Ä–∞–≤–∏–ª–∞, –∫–æ—Ç–æ—Ä—ã–º–∏ –¥–æ —Å–∏—Ö –ø–æ—Ä –ø–æ–ª—å–∑—É—é—Ç—Å—è –º–Ω–æ–≥–∏–µ —Ä–∞–∑—Ä–∞–±–æ—Ç—á–∏–∫–∏ —Å–æ–≤—Ä–µ–º–µ–Ω–Ω—ã—Ö –∏–≥—Ä. 
 
‚ñ™–í—Ä–µ–º—è –∏–≥—Ä! –û—Ç–µ—á–µ—Å—Ç–≤–µ–Ω–Ω–∞—è –∏–≥—Ä–æ–≤–∞—è –∏–Ω–¥—É—Å—Ç—Ä–∏—è –≤ –ª–∏—Ü–∞—Ö –∏ –º–µ—á—Ç–∞—Ö: –æ—Ç Parkan –¥–æ World of Tanks, –ü–æ–¥—à–∏–±—è–∫–∏–Ω –ê–Ω–¥—Ä–µ–π –ú–∏—Ö–∞–π–ª–æ–≤–∏—á 
 
–ù–µ—Å–º–æ—Ç—Ä—è –Ω–∞ —Ç–æ, —á—Ç–æ –≤ –†–æ—Å—Å–∏–∏ –¥–æ 2000-—Ö –∫–æ–º–ø—å—é—Ç–µ—Ä—ã –¥–æ–ª–≥–æ–µ –≤—Ä–µ–º—è –±—ã–ª–∏ –Ω–µ–¥–æ—Å—è–≥–∞–µ–º–æ–π –¥–ª—è –º–Ω–æ–≥–∏—Ö –º–µ—á—Ç–æ–π, —ç—Ç–æ –Ω–µ –ø–æ–º–µ—à–∞–ª–æ —Ä–∞–∑–≤–∏—Ç–∏—é –∏–≥—Ä–æ–≤–æ–π –∏–Ω–¥—É—Å—Ç—Ä–∏–∏. –≠—Ç–∞ –∫–Ω–∏–≥–∞ –æ–± –∏—Å—Ç–æ—Ä–∏–∏ —Å–æ–∑–¥–∞–Ω–∏—è —Å–∞–º—ã—Ö —É—Å–ø–µ—à–Ω—ã—Ö –æ—Ç–µ—á–µ—Å—Ç–≤–µ–Ω–Ω—ã—Ö –∏–≥—Ä–æ–≤—ã—Ö –ø—Ä–æ–µ–∫—Ç–æ–≤: World of Tanks, S.T.A.L.K.E.R, ¬´–î–∞–ª—å–Ω–æ–±–æ–π—â–∏–∫–æ–≤¬ª –∏ –Ω–µ–∫–æ—Ç–æ—Ä—ã—Ö –¥—Ä—É–≥–∏—Ö. –ë–æ–Ω—É—Å–æ–º –∞–≤—Ç–æ—Ä —Ä–∞—Å—Å–∫–∞–∂–µ—Ç, –ø–æ—á–µ–º—É –Ω–µ –ø–æ–ª—É—á–∏–ª–æ—Å—å —Å–æ–∑–¥–∞—Ç—å —Å–≤–æ–π –∞–Ω–∞–ª–æ–≥ ¬´World of Warcraft¬ª –∏ –ø–æ—á–µ–º—É –Ω–µ —É –≤—Å–µ—Ö –∏–≥—Ä –ø–æ–ª—É—á–∞–µ—Ç—Å—è —Å—Ç–∞—Ç—å —Å—É–ø–µ—Ä—Ö–∏—Ç–∞–º–∏. 
 
 
‚ñ™–†–µ–∞–ª—å–Ω–æ—Å—Ç—å –ø–æ–¥ –≤–æ–ø—Ä–æ—Å–æ–º. –ü–æ—á–µ–º—É –∏–≥—Ä—ã –¥–µ–ª–∞—é—Ç –Ω–∞—Å –ª—É—á—à–µ –∏ –∫–∞–∫ –æ–Ω–∏ –º–æ–≥—É—Ç –∏–∑–º–µ–Ω–∏—Ç—å –º–∏—Ä, –ú–∞–∫–≥–æ–Ω–∏–≥–∞–ª –î–∂–µ–π–Ω 
 
–ü–æ–∫–∞ –±–∞–±—É—à–∫–∏ –Ω–∞ –ª–∞–≤–æ—á–∫–∞—Ö –≤–æ–ø—Ä–æ—à–∞—é—Ç –≤ –¥—É—Ö–µ ¬´–≠—Ç–æ –≤—Å—ë –≤–∞—à–∏ –∫–æ–º–ø—É–∫—Ç–µ—Ä—ã!¬ª, –î–∂–µ–π–Ω –ú–∞–∫–≥–æ–Ω–∏–∞–ª —Ä–∞—Å—Å–∫–∞–∑—ã–≤–∞–µ—Ç, –∫–∞–∫ –∏–≥—Ä—ã –ø–æ–º–æ–≥–ª–∏ –µ–π —Å–ø—Ä–∞–≤–∏—Ç—å—Å—è —Å —Å–µ—Ä—å—ë–∑–Ω–æ–π —Ç—Ä–∞–≤–º–æ–π. –î–∂–µ–π–Ω –ø–∏—à–µ—Ç –æ —Ç–æ–º, –∫–∞–∫ –∏–≥—Ä—ã –ø–æ–º–æ–≥–∞—é—Ç –Ω–∞—à–µ–º—É –º–æ–∑–≥—É –ª—É—á—à–µ —Ä–∞–±–æ—Ç–∞—Ç—å, –Ω–∞—Ö–æ–¥–∏—Ç—å –Ω–æ–≤—ã–µ –ø—É—Ç–∏ —Ä–µ—à–µ–Ω–∏—è —Å–ª–æ–∂–Ω—ã—Ö –∑–∞–¥–∞—á –∏ –¥–∞–∂–µ —Å–ø—Ä–∞–≤–ª—è—Ç—å—Å—è —Å –¥–µ–ø—Ä–µ—Å—Å–∏–µ–π. –ü—Ä–æ—á–∏—Ç–∞–≤ —ç—Ç—É –∫–Ω–∏–≥—É, –≤—ã —Å—Ç–∞–Ω–µ—Ç–µ –ª—É—á—à–µ —Ä–∞–∑–±–∏—Ä–∞—Ç—å—Å—è –≤ –ø—Ä–∏–Ω—Ü–∏–ø–∞—Ö –∏–≥—Ä–æ–≤–æ–≥–æ –ø—Ä–æ—Ü–µ—Å—Å–∞ –∏ –ø–æ–π–º—ë—Ç–µ, —á—Ç–æ –Ω–µ –≤—Å—è–∫–∞—è –∏–≥—Ä–∞ ‚Äî –ø—É—Å—Ç–∞—è —Ç—Ä–∞—Ç–∞ –≤—Ä–µ–º–µ–Ω–∏."
18,2021-05-22 15:31:00,"–í –∞—Ñ–∏—à–µ ‚Äî —Å–æ–±—ã—Ç–∏—è –¥–ª—è –¥–∏–∑–∞–π–Ω–µ—Ä–æ–≤, –ø—Ä–æ–≥—Ä–∞–º–º–∏—Å—Ç–æ–≤ –∏ –ø—Ä–µ–¥–ø—Ä–∏–Ω–∏–º–∞—Ç–µ–ª–µ–π üíº"
19,2021-05-22 08:26:00,"–ö–∞–∫ –±—ã –ò–Ω—Å—Ç–∞–≥—Ä–∞–º –∏ –¢–∏–∫–¢–æ–∫ –Ω–∏ –ø—ã—Ç–∞–ª–∏—Å—å –∑–∞—Ö–≤–∞—Ç–∏—Ç—å —Ä—ã–Ω–æ–∫ –≤–∏–¥–µ–æ, –Æ—Ç—É–± –æ—Å—Ç–∞—ë—Ç—Å—è —Å–∞–º–æ–π –ø–æ–ø—É–ª—è—Ä–Ω–æ–π –ø–ª–æ—â–∞–¥–∫–æ–π –¥–ª—è –¥–ª–∏–Ω–Ω—ã—Ö —Ä–æ–ª–∏–∫–æ–≤ üéû 
 
–°–æ–±—Ä–∞–ª–∏ –ø–æ–¥–±–æ—Ä–∫—É —Å—Ç–∞—Ç–µ–π –¥–ª—è –≤—Å–µ—Ö, –∫—Ç–æ —Ö–æ—á–µ—Ç –ø—Ä–æ–¥–≤–∏–≥–∞—Ç—å—Å—è –Ω–∞ –Æ—Ç—É–±–µ: 
 
‚óº –Æ—Ç—É–±: –∫–∞–∫ –ø—Ä–æ–¥–≤–∏–≥–∞—Ç—å –∫–∞–Ω–∞–ª –∏ –∫–∞–∫–∏–µ SEO-–∏–Ω—Å—Ç—Ä—É–º–µ–Ω—Ç—ã –≤ —ç—Ç–æ–º –ø–æ–º–æ–≥—É—Ç ‚Üí http://netolo.gy/gyy 
 
‚óº –ö–∞–∫ –ø–æ–¥–≥–æ—Ç–æ–≤–∏—Ç—å –Æ—Ç—É–±-–∫–∞–Ω–∞–ª –∫ –ø—Ä–æ–¥–≤–∏–∂–µ–Ω–∏—é: 5 –∫–ª—é—á–µ–≤—ã—Ö —à–∞–≥–æ–≤ ‚Üí http://netolo.gy/gyz 
 
‚óº –í–∏–¥–µ–æ—Ä–µ–∫–ª–∞–º–∞ –Ω–∞ –Æ—Ç—É–±–µ: –æ–±–∑–æ—Ä —Ñ–æ—Ä–º–∞—Ç–æ–≤ ‚Üí http://netolo.gy/gyA 
 
‚óº –ö–∞–∫ –ø–æ–¥–æ–≥—Ä–µ—Ç—å –∏–Ω—Ç–µ—Ä–µ—Å –ø–æ–∫–æ–ª–µ–Ω–∏—è –• –∫ –Æ—Ç—É–±—É: —Ä–µ–∫–æ–º–µ–Ω–¥–∞—Ü–∏–∏ –æ—Ç Google ‚Üí http://netolo.gy/gyB 

‚óº –ö–∞–∫ –æ—Ñ–æ—Ä–º–∏—Ç—å –≤–∏–¥–µ–æ –¥–ª—è YouTube ‚Üí http://netolo.gy/gyC"
20,2021-05-21 13:00:09,"–í–º–µ—Å—Ç–µ —Å –∫–æ–ª–ª–µ–≥–∞–º–∏ –∏–∑ vc.ru –∑–∞–ø—É—Å–∫–∞–µ–º —Å–µ—Ä–∏—é –æ–ø—Ä–æ—Å–æ–≤, —á—Ç–æ–±—ã –≤—ã —Å–º–æ–≥–ª–∏ –ø—Ä–æ–≤–µ—Ä–∏—Ç—å —Å–≤–æ–∏ –∑–Ω–∞–Ω–∏—è ü§ì 
 
–ü–µ—Ä–≤–∞—è –∑–∞–¥–∞—á–∞ ‚Äî –æ–ø—Ä–µ–¥–µ–ª–∏—Ç—å, –∫–∞–∫–æ–π —Å–∞–π—Ç –±–æ–ª—å—à–µ –ø–æ—Å–µ—â–∞—é—Ç: Wikipedia –∏–ª–∏ Pornhub ‚Üí http://netolo.gy/gAm"
21,2021-05-21 07:17:00,"–ù–µ –∑–Ω–∞—Ç—å, —á—Ç–æ –¥–µ–ª–∞—Ç—å –Ω–∞ —Å—Ç–∞—Ä—Ç–µ –∫–∞—Ä—å–µ—Ä—ã ‚Äî –Ω–æ—Ä–º–∞–ª—å–Ω–æ üòâ 
 
–ù–∞ –±–µ—Å–ø–ª–∞—Ç–Ω—ã—Ö –∑–∞–Ω—è—Ç–∏—è—Ö —É–∑–Ω–∞–µ—Ç–µ, –∫–∞–∫ —Å–æ—Å—Ç–∞–≤–ª—è—Ç—å —Ä–µ–∑—é–º–µ, —á—Ç–æ –¥–µ–ª–∞—Ç—å —Å —Å–∏–Ω–¥—Ä–æ–º–æ–º —Å–∞–º–æ–∑–≤–∞–Ω—Ü–∞ –∏ –∫–∞–∫ –≤–æ–π—Ç–∏ –≤ –Ω–æ–≤—É—é –ø—Ä–æ—Ñ–µ—Å—Å–∏—é: 
 
üî∑ 24 –º–∞—è, 15:00 ‚Äî –ö–∞–∫ —Å–º–µ–Ω–∏—Ç—å –ø—Ä–æ—Ñ–µ—Å—Å–∏—é, –µ—Å–ª–∏ –Ω–µ –∑–Ω–∞–µ—à—å, –∫–µ–º —Ö–æ—á–µ—à—å —Å—Ç–∞—Ç—å 
–£–∑–Ω–∞–µ—Ç–µ, –∫–∞–∫ –≤—ã–≥–ª—è–¥–∏—Ç —Å—Ö–µ–º–∞ –ø—Ä–æ—Ñ–æ—Ä–∏–µ–Ω—Ç–∞—Ü–∏–∏, –æ–ø—Ä–µ–¥–µ–ª–∏—Ç–µ –∫–æ–º—Ñ–æ—Ä—Ç–Ω—É—é —Ñ–æ—Ä–º—É –∑–∞–Ω—è—Ç–æ—Å—Ç–∏, –ø–æ–∑–Ω–∞–∫–æ–º–∏—Ç–µ—Å—å —Å –¥–∏–¥–∂–∏—Ç–∞–ª-–ø—Ä–æ—Ñ–µ—Å—Å–∏—è–º–∏ ‚Üí http://netolo.gy/gyt 
 
üî∑ 24 –º–∞—è, 19:00 ‚Äî –ö–∞–∫ —Å—Ç–∞—Ç—å Java-—Ä–∞–∑—Ä–∞–±–æ—Ç—á–∏–∫–æ–º —Å –Ω—É–ª—è 
–ü–æ–≥–æ–≤–æ—Ä–∏–º –æ –ø–ª—é—Å–∞—Ö –∏ –º–∏–Ω—É—Å–∞—Ö Java, —Ä–∞–∑–±–µ—Ä—ë–º—Å—è, –ø–æ–¥—Ö–æ–¥–∏—Ç –ª–∏ —è–∑—ã–∫ –ø—Ä–æ–≥—Ä–∞–º–º–∏—Ä–æ–≤–∞–Ω–∏—è –Ω–æ–≤–∏—á–∫–∞–º –∏ –∫–∞–∫–∏–µ –Ω—É–∂–Ω—ã —Å–∫–∏–ª–ª—ã –¥–ª—è –≤—Ö–æ–¥–∞ –≤ –ø—Ä–æ—Ñ–µ—Å—Å–∏—é ‚Üí http://netolo.gy/gyu 
 
üî∑ 25 –º–∞—è, 17:00 ‚Äî –ö–∞–∫ –ø–µ—Ä–µ—Å—Ç–∞—Ç—å —Å–æ–º–Ω–µ–≤–∞—Ç—å—Å—è –≤ —Å–≤–æ–∏—Ö –ø—Ä–æ—Ñ–µ—Å—Å–∏–æ–Ω–∞–ª—å–Ω—ã—Ö –¥–æ—Å—Ç–∏–∂–µ–Ω–∏—è—Ö 
–ü–æ—á–µ–º—É –ø–æ—è–≤–ª—è–µ—Ç—Å—è –ø—Ä–æ—Ñ–µ—Å—Å–∏–æ–Ω–∞–ª—å–Ω–∞—è –Ω–µ—É–≤–µ—Ä–µ–Ω–Ω–æ—Å—Ç—å, –∫–∞–∫ —Å–∏–Ω–¥—Ä–æ–º —Å–∞–º–æ–∑–≤–∞–Ω—Ü–∞ —Å–≤—è–∑–∞–Ω —Å–æ —Å—Ç—Ä–µ—Å—Å–æ–º, —á—Ç–æ —Å–¥–µ–ª–∞—Ç—å, —á—Ç–æ–±—ã –∏–∑–±–∞–≤–∏—Ç—å—Å—è –æ—Ç —Å—Ç—Ä–∞—Ö–∞ ‚Äî —É–∑–Ω–∞–µ—Ç–µ –Ω–∞ –∑–∞–Ω—è—Ç–∏–∏ ‚Üí http://netolo.gy/gyv 
 
üî∑ 25 –º–∞—è, 19:00 ‚Äî –ö–∞–∫ –Ω–∞—á–∏–Ω–∞—é—â–∏–º —Ä–µ–∂–∏—Å—Å—ë—Ä–∞–º –∏ —Å—Ü–µ–Ω–∞—Ä–∏—Å—Ç–∞–º –ø—Ä–æ–¥–≤–∏–≥–∞—Ç—å —Å–≤–æ–∏ –ø—Ä–æ–µ–∫—Ç—ã 
–ù–∞—É—á–∏—Ç–µ—Å—å –∏—Å–∫–∞—Ç—å –ø–∏—Ç—á–∏–Ω–≥–∏ –≤ –†–æ—Å—Å–∏–∏, –ø—Ä–µ–∑–µ–Ω—Ç–æ–≤–∞—Ç—å —Å–≤–æ–∏ –ø—Ä–æ–µ–∫—Ç—ã –∏ –≥–æ—Ç–æ–≤–∏—Ç—å —Ñ–∏–ª—å–º—ã –∫ —Ñ–µ—Å—Ç–∏–≤–∞–ª—å–Ω–æ–º—É –ø—Ä–æ–∫–∞—Ç—É ‚Üí http://netolo.gy/gyw
 
üî∑ 26 –º–∞—è, 18:00 ‚Äî –ö–∞–∫ —Å–æ—Å—Ç–∞–≤–∏—Ç—å —Ä–µ–∑—é–º–µ, –∫–æ—Ç–æ—Ä–æ–µ –∑–∞–º–µ—Ç—è—Ç 
–†–∞–∑–±–æ—Ä –∫–µ–π—Å–æ–≤, –Ω–∞–≤—ã–∫–∏ –Ω–∞–ø–∏—Å–∞–Ω–∏—è —Ä–µ–∑—é–º–µ –∏ –∞–ª–≥–æ—Ä–∏—Ç–º –ø–æ–∏—Å–∫–∞ —Ä–∞–±–æ—Ç—ã ‚Äî –≤—Å—ë –∑–¥–µ—Å—å ‚Üí http://netolo.gy/gyx"
22,2021-05-20 15:49:00,"–ü—Ä–∏—á–∏–Ω, –ø–æ –∫–æ—Ç–æ—Ä—ã–º –º—ã –≤ —Ç—Ä–∏ —á–∞—Å–∞ –Ω–æ—á–∏ —Å–∫—Ä–æ–ª–ª–∏–º –ª–µ–Ω—Ç—É –¢–∏–∫–¢–æ–∫–∞ –∏–ª–∏ –ò–Ω—Å—Ç–∞–≥—Ä–∞–º, –º–æ–∂–µ—Ç –±—ã—Ç—å –º–Ω–æ–≥–æ: –æ—Ç —Å–æ—Ü–∏–∞–ª—å–Ω–æ-–ø—Å–∏—Ö–æ–ª–æ–≥–∏—á–µ—Å–∫–∏—Ö –¥–æ —Ñ–∏–∑–∏–æ–ª–æ–≥–∏—á–µ—Å–∫–∏—Ö. 
 
–ó–∞ —Å—á—ë—Ç —á–µ–≥–æ —Å–æ—Ü—Å–µ—Ç—è–º —ç—Ç–æ —É–¥–∞—ë—Ç—Å—è üëá"
23,2021-05-20 08:14:00,"–í –æ—á–µ—Ä–µ–¥–Ω–æ–º –≤—ã–ø—É—Å–∫–µ –ù–µ—Ç–æNews –ø–æ–≥–æ–≤–æ—Ä–∏–º –æ –ø—É—Ç–µ—à–µ—Å—Ç–≤–∏–∏ Dogecoin –≤ –∫–æ—Å–º–æ—Å, –ø–µ—Ä–≤–æ–º –ø–æ–ª—ë—Ç–µ –¥—Ä–æ–Ω–∞ –Ω–∞ –ú–∞—Ä—Å–µ –∏ —Ç—Ä–æ–ª–ª–∏–Ω–≥–µ –§–µ–π—Å–±—É–∫–∞ –º–µ—Å—Å–µ–Ω–¥–∂–µ—Ä–æ–º –°–∏–≥–Ω–∞–ª üòú 
 
–ë–µ—Ä–∏—Ç–µ –ø–æ–ø–∫–æ—Ä–Ω –∏ —Å–∫–æ—Ä–µ–µ —Å–º–æ—Ç—Ä–∏—Ç–µ —Ä–æ–ª–∏–∫ ‚Üí http://netolo.gy/gy5"
24,2021-05-19 13:10:07,"–¢–µ—Ä–ø–µ–Ω–∏–µ, —Ç—Ä—É–¥, –º–∞–π ‚Äî —É –Ω–∞—Å –∫–æ–Ω–∫—É—Ä—Å, —Ä–∞–∑—ã–≥—Ä—ã–≤–∞–µ–º –¥–æ—Å—Ç—É–ø –∫ –∫—É—Ä—Å—É –ø–æ —Ç–∞–π–º-–º–µ–Ω–µ–¥–∂–º–µ–Ω—Ç—É üíº
        
–ü—Ä–∞–≤–∏–ª–∞ –∫–æ–Ω–∫—É—Ä—Å–∞:
üî∑ –ü–æ–¥ —ç—Ç–∏–º –ø–æ—Å—Ç–æ–º –Ω–∞–ø–∏—à–∏—Ç–µ –∫–æ–º–º–µ–Ω—Ç–∞—Ä–∏–π —Å–æ —Å–ª–æ–≤–æ–º ¬´—Ç–∞–π–º-–º–µ–Ω–µ–¥–∂–º–µ–Ω—Ç¬ª. –í–∞—à –∫–æ–º–º–µ–Ω—Ç–∞—Ä–∏–π –¥–æ–ª–∂–µ–Ω –ø—Ä–æ–¥–µ—Ä–∂–∞—Ç—å—Å—è –ø–æ—Å–ª–µ–¥–Ω–∏–º 15 –º–∏–Ω—É—Ç.
üî∑ –ö–∞–∂–¥—ã–π —É—á–∞—Å—Ç–Ω–∏–∫ –∏–º–µ–µ—Ç 15 –ø–æ–ø—ã—Ç–æ–∫ —Å –º–∏–Ω–∏–º–∞–ª—å–Ω—ã–º –∏–Ω—Ç–µ—Ä–≤–∞–ª–æ–º –≤ 1 –º–∏–Ω—É—Ç—É.
üî∑ –£—á–∞—Å—Ç–≤–æ–≤–∞—Ç—å –º–æ–≥—É—Ç —Ç–æ–ª—å–∫–æ –ø–æ–¥–ø–∏—Å—á–∏–∫–∏ –Ω–∞—à–µ–π –≥—Ä—É–ø–ø—ã. –ó–∞ —Ä–µ–ø–æ—Å—Ç –¥–∞—Ä–∏–º –¥–æ–ø–æ–ª–Ω–∏—Ç–µ–ª—å–Ω—ã–µ –ø–æ–ø—ã—Ç–∫–∏.

üéÅ –°–∞–º–æ–º—É —Ç–µ—Ä–ø–µ–ª–∏–≤–æ–º—É —É—á–∞—Å—Ç–Ω–∏–∫—É –ø–æ–¥–∞—Ä–∏–º –¥–æ—Å—Ç—É–ø –∫ –∫—É—Ä—Å—É ‚Üí http://netolo.gy/gzq"
25,2021-05-19 08:03:00,"üè† –•–æ—Ç–∏—Ç–µ –æ–±—É—Å—Ç—Ä–æ–∏—Ç—å —Å–≤–æ—é –∫–≤–∞—Ä—Ç–∏—Ä—É –∏–ª–∏ –º–µ—á—Ç–∞–µ—Ç–µ —Å—Ç–∞—Ç—å –¥–∏–∑–∞–π–Ω–µ—Ä–æ–º –∏–Ω—Ç–µ—Ä—å–µ—Ä–æ–≤? 
 
–ù–∞ –±–µ—Å–ø–ª–∞—Ç–Ω–æ–º –∫—É—Ä—Å–µ —É–∑–Ω–∞–µ—Ç–µ, –∫–∞–∫–∏–µ —Å–µ–π—á–∞—Å —Ç—Ä–µ–Ω–¥—ã –≤ –¥–∏–∑–∞–π–Ω–µ, –∫–∞–∫ —Ä–∞–±–æ—Ç–∞—Ç—å —Å –∏–¥–µ—è–º–∏, –∫–∞–∫ –≥—Ä–∞–º–æ—Ç–Ω–æ —Ä–∞—Å—Å—Ç–∞–≤–∏—Ç—å –ø—Ä–µ–¥–º–µ—Ç—ã –º–µ–±–µ–ª–∏ –∏ –¥–æ–±–∏—Ç—å—Å—è —á–∏—Å—Ç–æ–≥–æ –∏ —Å–≤–µ–∂–µ–≥–æ –ø—Ä–æ—Å—Ç—Ä–∞–Ω—Å—Ç–≤–∞. 
–ò—Ç–æ–≥ ‚Äî –ø—Ä–æ–µ–∫—Ç –∫–æ–º–Ω–∞—Ç—ã –≤ SketchUp. 
 
üë©‚Äçüé® –ù–∞—á–∞—Ç—å –º–æ–∂–Ω–æ –ø—Ä—è–º–æ —Å–µ–π—á–∞—Å ‚Üí http://netolo.gy/gyq"
26,2021-05-18 15:19:00,"–ò—Å—Å–ª–µ–¥–æ–≤–∞–Ω–∏—è –≥–æ–≤–æ—Ä—è—Ç, —á—Ç–æ —Å–æ–æ–±—â–µ–Ω–∏—è —Å —ç–ª–µ–º–µ–Ω—Ç–∞–º–∏ —Å—Ç–æ—Ä–∏—Ç–µ–ª–ª–∏–Ω–≥–∞ –≤—ã–∑—ã–≤–∞—é—Ç –Ω–∞ 35% –±–æ–ª—å—à–µ –¥–æ–≤–µ—Ä–∏—è. 
 
–î–µ–ª–∏–º—Å—è –ø—Ä–∏—ë–º–∞–º–∏, –∫–æ—Ç–æ—Ä—ã–µ –ø–æ–º–æ–≥—É—Ç —á–∏—Ç–∞—Ç–µ–ª—é –±–æ–ª—å—à–µ –≤–∞–º –¥–æ–≤–µ—Ä—è—Ç—å üëá"
27,2021-05-18 07:13:00,"–†–∞–∑—Ä–∞–±–æ—Ç–∫–∞ –≤–∏–¥–µ–æ–∏–≥—Ä ‚Äî —Å–ª–æ–∂–Ω–æ–µ –∏—Å–∫—É—Å—Å—Ç–≤–æ, –∑–∞ –∫–∞–¥—Ä–æ–º –∫–æ—Ç–æ—Ä–æ–≥–æ –æ—Å—Ç–∞—ë—Ç—Å—è –æ–≥—Ä–æ–º–Ω–∞—è —Ä–∞–±–æ—Ç–∞ üéÆ 
 
–í–º–µ—Å—Ç–µ —Å N + 1 —Ä–∞–∑–±–∏—Ä–∞–µ–º—Å—è, –∫–∞–∫ –º–µ–Ω—è–ª–∞—Å—å –∏–Ω–¥—É—Å—Ç—Ä–∏—è –≤–∏–¥–µ–æ–∏–≥—Ä –æ—Ç —ç–ø–æ—Ö–∏ –≤–æ—Å—å–º–∏–±–∏—Ç–Ω—ã—Ö –∏–≥—Ä –¥–æ –Ω–∞—à–µ–≥–æ –≤—Ä–µ–º–µ–Ω–∏ ‚Üí http://netolo.gy/gyk"
28,2021-05-17 08:51:00,"üìà 27 –º–∞—è —Å—Ç–∞—Ä—Ç—É–µ—Ç –±–µ—Å–ø–ª–∞—Ç–Ω—ã–π –∫—É—Ä—Å ¬´–í–∏–∑—É–∞–ª–∏–∑–∞—Ü–∏—è –¥–∞–Ω–Ω—ã—Ö: –æ—Ç —Å–∫—É—á–Ω—ã—Ö –≥—Ä–∞—Ñ–∏–∫–æ–≤ –∫ –∏–Ω—Ç–µ—Ä–∞–∫—Ç–∏–≤–Ω—ã–º –¥–∞—à–±–æ—Ä–¥–∞–º¬ª 
 
–ù–∞ –≤—Ä–µ–º—è –∫—É—Ä—Å–∞-—Å–∏–º—É–ª—è—Ç–æ—Ä–∞ –≤—ã ‚Äî –∞–Ω–∞–ª–∏—Ç–∏–∫ –∫—Ä—É–ø–Ω–æ–π —Ä–∏—Ç–µ–π–ª-–∫–æ–º–ø–∞–Ω–∏–∏, –≤–∞—à–∞ —Ü–µ–ª—å ‚Äî –Ω–∞–π—Ç–∏ –Ω–æ–≤—É—é —Ç–æ—á–∫—É –ø—Ä–æ–¥–∞–∂, –∏—Å–ø–æ–ª—å–∑—É—è –æ—Å–Ω–æ–≤–Ω—ã–µ –∏–Ω—Å—Ç—Ä—É–º–µ–Ω—Ç—ã –≤–∏–∑—É–∞–ª–∏–∑–∞—Ü–∏–∏ –¥–∞–Ω–Ω—ã—Ö. –í—ã –Ω–∞—É—á–∏—Ç–µ—Å—å —Å—Ç—Ä–æ–∏—Ç—å –∏–Ω—Ç–µ—Ä–∞–∫—Ç–∏–≤–Ω—ã–µ –¥–∞—à–±–æ—Ä–¥—ã, –∏—Å–ø–æ–ª—å–∑–æ–≤–∞—Ç—å –¥–∞–Ω–Ω—ã–µ –¥–ª—è –ø—Ä–∏–Ω—è—Ç–∏—è —Ä–µ—à–µ–Ω–∏–π –∏ –ø–æ–¥–±–∏—Ä–∞—Ç—å –∏–Ω—Å—Ç—Ä—É–º–µ–Ω—Ç –≤–∏–∑—É–∞–ª–∏–∑–∞—Ü–∏–∏ –ø–æ–¥ –∑–∞–¥–∞—á—É. 
 
üßÆ –°–ø—Ä–∞–≤–∏—Ç—å—Å—è –º–æ–∂–Ω–æ –∏ –±–µ–∑ –ø—è—Ç—ë—Ä–∫–∏ –ø–æ –º–∞—Ç–µ–º–∞—Ç–∏–∫–µ ‚Üí http://netolo.gy/gyb"
29,2021-05-17 07:59:00,"–£—Å—Ç–∞–ª–∏ –ø—Ä–∏—Ö–æ–¥–∏—Ç—å –Ω–∞ —Å–µ—Å—Å–∏–∏? –£ –Ω–∞—Å –µ—Å—Ç—å —Ä–µ—à–µ–Ω–∏–µ ‚Äî –¥–∏—Å—Ç–∞–Ω—Ü–∏–æ–Ω–Ω–∞—è –º–∞–≥–∏—Å—Ç—Ä–∞—Ç—É—Ä–∞ 
 
–ü–æ —Å—Å—ã–ª–∫–µ —Ç–µ–∫—Å—Ç –æ —Ç–æ–º, —á—Ç–æ —Ç–∞–∫–æ–µ –¥–∏—Å—Ç–∞–Ω—Ü–∏–æ–Ω–Ω–∞—è –º–∞–≥–∏—Å—Ç—Ä–∞—Ç—É—Ä–∞, —á–µ–º –æ–Ω–∞ –æ—Ç–ª–∏—á–∞–µ—Ç—Å—è –æ—Ç –æ–±—ã—á–Ω–æ–π –∏ –∫–∞–∫ –≤—ã–±—Ä–∞—Ç—å –≤—É–∑ –¥–ª—è –ø–æ—Å—Ç—É–ø–ª–µ–Ω–∏—è ‚Üí http://netolo.gy/gxQ"
30,2021-05-16 09:01:00,"–°–æ–±—Ä–∞–ª–∏ –ø–æ–¥–±–æ—Ä–∫—É –∏–∑ 4 –∫–Ω–∏–≥, —á—Ç–æ–±—ã –ø–µ—Ä–µ—Å—Ç–∞—Ç—å —Å—Ä—ã–≤–∞—Ç—å—Å—è –ø–æ –ø—É—Å—Ç—è–∫–∞–º üëá
 
‚ñ™ ¬´–†–∞–¥–æ—Å—Ç—å –∂–∏–∑–Ω–∏. –§–∏–ª–æ—Å–æ—Ñ–∏—è —Å—Ç–æ–∏—Ü–∏–∑–º–∞ –¥–ª—è XXI –≤–µ–∫–∞¬ª, –£–∏–ª—å—è–º –ò—Ä–≤–∏–Ω 
 
–ü–æ –º–Ω–µ–Ω–∏—é –∞–≤—Ç–æ—Ä–∞, —Å–µ–π—á–∞—Å –º–Ω–æ–≥–∏–º –Ω–µ —Ö–≤–∞—Ç–∞–µ—Ç –º—É–¥—Ä–æ—Å—Ç–∏ —Å—Ç–æ–∏—Ü–∏–∑–º–∞. –£–∏–ª—å—è–º –ò—Ä–≤–∏–Ω —É–≤–µ—Ä–µ–Ω, —á—Ç–æ –¥—Ä–µ–≤–Ω—è—è —Ñ–∏–ª–æ—Å–æ—Ñ–∏—è –ø–æ–º–æ–∂–µ—Ç –Ω–∞–π—Ç–∏ –≥–∞—Ä–º–æ–Ω–∏—é –∏ —É–≤–∏–¥–µ—Ç—å –≤–æ–∑–º–æ–∂–Ω–æ—Å—Ç–∏ –¥–∞–∂–µ –≤ —Å–∞–º—ã—Ö —Ç—è–∂—ë–ª—ã—Ö —Å–∏—Ç—É–∞—Ü–∏—è—Ö. –û–Ω –ø—Ä–µ–¥–ª–∞–≥–∞–µ—Ç –æ–±—Ä–∞—Ç–∏—Ç—å—Å—è –∫ –∞–Ω—Ç–∏—á–Ω–æ–º—É —É—á–µ–Ω–∏—é –∏ –ø–µ—Ä–µ—Å—Ç–∞—Ç—å —Ç—Ä–∞—Ç–∏—Ç—å —Å–≤–æ—ë –≤—Ä–µ–º—è –Ω–∞ —Ç–æ, —á—Ç–æ —á–µ–ª–æ–≤–µ–∫ –∏–∑–º–µ–Ω–∏—Ç—å –Ω–µ –º–æ–∂–µ—Ç. –ö–Ω–∏–≥–∞ –ø–æ–¥—Ö–æ–¥–∏—Ç –¥–ª—è —Ç–µ—Ö, –∫—Ç–æ —É—Å—Ç–∞–ª –∏ —Ö–æ—á–µ—Ç –ø—Ä–æ–≤–µ—Å—Ç–∏ –∂–∏–∑–Ω—å –±–µ–∑ —Ç—Ä–µ–≤–æ–≥–∏ –∏ –æ–≥–ª—è–¥–∫–∏ –Ω–∞ —Å–æ—Ü–∏—É–º. 
 
‚ñ™ ¬´–ü–∞—Ä–∞–¥–æ–∫—Å –®–∏–º–ø–∞–Ω–∑–µ. –ö–∞–∫ —É–ø—Ä–∞–≤–ª—è—Ç—å —ç–º–æ—Ü–∏—è–º–∏ –¥–ª—è –¥–æ—Å—Ç–∏–∂–µ–Ω–∏—è —Å–≤–æ–∏—Ö —Ü–µ–ª–µ–π¬ª, –°—Ç–∏–≤ –ü–∏—Ç–µ—Ä—Å 
 
–ë–ª–∞–≥–æ–¥–∞—Ä—è –°—Ç–∏–≤—É –ü–∏—Ç–µ—Ä—Å—É –±—Ä–∏—Ç–∞–Ω—Å–∫–∏–µ –≤–µ–ª–æ–≥–æ–Ω—â–∏–∫–∏ –≤–∑—è–ª–∏ –∑–æ–ª–æ—Ç–æ –Ω–∞ –û–ª–∏–º–ø–∏–∞–¥–µ. –î–µ–ª–æ –≤ —Ç–æ–º, —á—Ç–æ –°—Ç–∏–≤ ‚Äî –∏–∑–≤–µ—Å—Ç–Ω—ã–π –ø—Å–∏—Ö–æ–ª–æ–≥, –∞–≤—Ç–æ—Ä –ø—Ä–æ–≥—Ä–∞–º–º –ø–æ —Ä–∞–±–æ—Ç–µ —Å —Ä–∞–∑—É–º–æ–º –∏ —ç–º–æ—Ü–∏—è–º–∏. –û–Ω —Å—á–∏—Ç–∞–µ—Ç, —á—Ç–æ —ç–º–æ—Ü–∏–∏, –∫–∞–∫ —à–∏–º–ø–∞–Ω–∑–µ, –º–æ–≥—É—Ç —Å—Ç–∞—Ç—å –Ω–∞—à–∏–º –¥—Ä—É–≥–æ–º –∏–ª–∏ –Ω–µ—É–ø—Ä–∞–≤–ª—è–µ–º—ã–º –≤—Ä–∞–≥–æ–º. –¢–æ–º—É, –∫–∞–∫ –ø–æ–ª–∞–¥–∏—Ç—å —Å —Å–æ–±–æ–π –∏ –ø–æ–¥—Ä—É–∂–∏—Ç—å—Å—è —Å —ç–º–æ—Ü–∏—è–º–∏, –∏ –ø–æ—Å–≤—è—â–µ–Ω–∞ —ç—Ç–∞ –∫–Ω–∏–≥–∞. 
 
‚ñ™ ¬´–ö–∞–∫ —Ä–æ–∂–¥–∞—é—Ç—Å—è —ç–º–æ—Ü–∏–∏¬ª, –õ–∏–∑–∞ –§–µ–ª—å–¥–º–∞–Ω –ë–∞—Ä—Ä–µ—Ç—Ç 
 
–ö–Ω–∏–≥–∞ –¥–ª—è —Ç–µ—Ö, –∫—Ç–æ —Ö–æ—á–µ—Ç –±–æ–ª—å—à–µ —É–∑–Ω–∞—Ç—å –æ –ø—Ä–∏—Ä–æ–¥–µ —ç–º–æ—Ü–∏–π. –õ–∏–∑–∞ –ë–∞—Ä–µ—Ç—Ç –≤–∑—è–ª–∞ –∑–∞ –æ—Å–Ω–æ–≤—É –∏—Å—Å–ª–µ–¥–æ–≤–∞–Ω–∏—è –ø–æ –Ω–µ–π—Ä–æ–±–∏–æ–ª–æ–≥–∏–∏ –∏ –≤—ã—è—Å–Ω–∏–ª–∞, —á—Ç–æ —ç–º–æ—Ü–∏–∏ —Ä–∞–∑–ª–∏—á–Ω—ã –¥–ª—è —Ä–∞–∑–Ω—ã—Ö –Ω–∞—Ä–æ–¥–æ–≤. –ê–≤—Ç–æ—Ä —É–≤–µ—Ä–µ–Ω–∞: —ç–º–æ—Ü–∏–∏ ‚Äî —ç—Ç–æ –∫–æ–º–±–∏–Ω–∞—Ü–∏—è —Å–≤–æ–π—Å—Ç–≤ —Ç–µ–ª–∞, –º–æ–∑–≥–∞ –∏ –¥–∞–∂–µ —Å—Ä–µ–¥—ã –∏ –∫—É–ª—å—Ç—É—Ä—ã. –ü–æ—ç—Ç–æ–º—É –±–ª–∞–≥–æ–¥–∞—Ä—è —ç—Ç–æ–π –∫–Ω–∏–≥–µ –º–æ–∂–Ω–æ –ø–æ-–Ω–æ–≤–æ–º—É –ø–æ—Å–º–æ—Ç—Ä–µ—Ç—å –Ω–∞ —ç–º–æ—Ü–∏–∏ –∏ –Ω–∞ —Å–≤–æ–∏ –æ—Ç–Ω–æ—à–µ–Ω–∏—è —Å –æ–∫—Ä—É–∂–∞—é—â–∏–º–∏. 
 
‚ñ™ –õ—É—Ü–∏–π –°–µ–Ω–µ–∫–∞: –∏–∑–±—Ä–∞–Ω–Ω—ã–µ —Ç—Ä—É–¥—ã 
–ó–∞ –º—É–¥—Ä—ã–º–∏ –º—ã—Å–ª—è–º–∏ –∏–Ω–æ–≥–¥–∞ –º–æ–∂–Ω–æ –æ–±—Ä–∞—Ç–∏—Ç—å—Å—è –∫ –¥—Ä–µ–≤–Ω–∏–º —Ñ–∏–ª–æ—Å–æ—Ñ–∞–º. –°–µ–Ω–µ–∫–∞ ‚Äî –ø–µ—Ä–≤—ã–π –ø—Ä–µ–¥—Å—Ç–∞–≤–∏—Ç–µ–ª—å —Å—Ç–æ–∏—Ü–∏–∑–º–∞ –≤ –î—Ä–µ–≤–Ω–µ–º –º–∏—Ä–µ. –ï–≥–æ —Ñ–∏–ª–æ—Å–æ—Ñ—Å–∫–∏–π —Ç—Ä–∞–∫—Ç–∞—Ç ¬´–û —Å—á–∞—Å—Ç–ª–∏–≤–æ–π –∂–∏–∑–Ω–∏¬ª ‚Äî —ç—Ç–æ –ø–æ–ø—ã—Ç–∫–∞ –Ω–∞–π—Ç–∏ –æ—Ç–≤–µ—Ç –Ω–∞ –≤–æ–ø—Ä–æ—Å, –≤ –∂–µ –∑–∞–∫–ª—é—á–∞–µ—Ç—Å—è —Å—á–∞—Å—Ç—å–µ. –í–æ–∑–º–æ–∂–Ω–∞, —ç—Ç–∞ –∫–Ω–∏–≥–∞ –ø–æ–º–æ–∂–µ—Ç –ª—É—á—à–µ –ø–æ–Ω—è—Ç—å —Å–≤–æ—ë ¬´–Ø¬ª –∏ –æ–±—Ä–µ—Å—Ç–∏ –±–æ–ª—å—à–µ –¥—É—à–µ–≤–Ω–æ–≥–æ —Ä–∞–≤–Ω–æ–≤–µ—Å–∏—è."
31,2021-05-15 12:07:00,"–°–æ–±—ã—Ç–∏—è –≤ –ú–æ—Å–∫–≤–µ, –°–∞–Ω–∫—Ç-–ü–µ—Ç–µ—Ä–±—É—Ä–≥–µ, –ò–Ω–Ω–æ–ø–æ–ª–∏—Å–µ –∏ –æ–Ω–ª–∞–π–Ω ‚Äî –≤—Å—ë –∑–¥–µ—Å—å üëá"
32,2021-05-15 08:33:00,"–í–º–µ—Å—Ç–æ —Å–ø–æ—Ä–æ–≤ –æ Brawl Stars –º–æ–∂–Ω–æ —Å–∞–º–æ–º—É –∑–∞–Ω—è—Ç—å—Å—è —Ä–∞–∑—Ä–∞–±–æ—Ç–∫–æ–π –∏–≥—Ä üéÆ 
 
–í –ø–æ–¥–±–æ—Ä–∫–µ —Å—Ç–∞—Ç–µ–π ‚Äî –≤—Å—ë –æ –∏–Ω–¥—É—Å—Ç—Ä–∏–∏ –∏–≥—Ä –∏ –∫–∞—Ä—å–µ—Ä–µ –≤ –≥–µ–π–º–¥–∏–∑–∞–π–Ω–µ: 
 
üî∑ –ö–∞–∫ —Å–æ–∑–¥–∞—é—Ç—Å—è –∏–Ω—Ç–µ—Ä–µ—Å–Ω—ã–µ –æ—Ç–∫—Ä—ã—Ç—ã–µ –º–∏—Ä—ã ‚Üí http://netolo.gy/gxw
 
üî∑ –ö–∞–∫ –Ω–∞—á–∏–Ω–∞—é—â–µ–º—É –≥–µ–π–º–¥–∏–∑–∞–π–Ω–µ—Ä—É —É—Å—Ç—Ä–æ–∏—Ç—å—Å—è –≤ –∏–≥—Ä–æ–≤—É—é —Å—Ç—É–¥–∏—é ‚Üí http://netolo.gy/gxx 
 
üî∑ –ü–æ—á–µ–º—É –Ω–µ–ª—å–∑—è –Ω–∞–π—Ç–∏ —É–Ω–∏–≤–µ—Ä—Å–∞–ª—å–Ω—ã–π —Å–µ—Ç—Ç–∏–Ω–≥, –∫–æ—Ç–æ—Ä—ã–π –ø–æ–Ω—Ä–∞–≤–∏—Ç—Å—è –≤—Å–µ–º ‚Üí http://netolo.gy/gxy 
 
üî∑ –ö–∞–∫ –Ω–∞—á–∏–Ω–∞—é—â–µ–º—É –Ω–∞—Ä—Ä–∞—Ç–∏–≤–Ω–æ–º—É –∏–ª–∏ –ª–µ–≤–µ–ª-–¥–∏–∑–∞–π–Ω–µ—Ä—É –Ω–∞–π—Ç–∏ —Ä–∞–±–æ—Ç—É –≤ –∏–≥—Ä–æ–≤–æ–π —Å—Ç—É–¥–∏–∏ ‚Üí http://netolo.gy/gxz"
33,2021-05-14 14:18:00,"–ü–æ–µ—Ö–∞–ª–∏! –ê —Ç–æ—á–Ω–µ–µ, –ø–æ–ø–ª—ã–ª–∏ ‚õµ 
 
–ü—Ä–æ–µ–∫—Ç –≠—Ç–æ–í—Å—ë–†–æ—Å—Å–∏—è –æ—Ç–ø—Ä–∞–≤–ª—è–µ—Ç—Å—è –≤ –∫—Ä—É–∏–∑ –ø–æ –≥–æ—Ä–æ–¥–∞–º –†–æ—Å—Å–∏–∏. –°–æ—á–∏, –†–æ—Å—Ç–æ–≤-–Ω–∞-–î–æ–Ω—É, –í–æ–ª–≥–æ–≥—Ä–∞–¥, –°–∞—Ä–∞—Ç–æ–≤, –°–∞–º–∞—Ä–∞, –£–ª—å—è–Ω–æ–≤—Å–∫, –ö–∞–∑–∞–Ω—å, –ù–∏–∂–Ω–∏–π-–ù–æ–≤–≥–æ—Ä–æ–¥, –Ø—Ä–æ—Å–ª–∞–≤–ª—å, –°–∞–Ω–∫—Ç-–ü–µ—Ç–µ—Ä–±—É—Ä–≥ ‚Äî 10 –≥–æ—Ä–æ–¥–æ–≤ –∏ –≤ –∫–∞–∂–¥–æ–º –∏–∑ –Ω–∏—Ö –≤—Å—Ç—Ä–µ—á–∞ —Å–æ —Å—Ç—É–¥–µ–Ω—Ç–∞–º–∏, —ç–∫—Å–ø–µ—Ä—Ç–∞–º–∏, –ø—Ä–µ–ø–æ–¥–∞–≤–∞—Ç–µ–ª—è–º–∏ –∏ —Å–æ—Ç—Ä—É–¥–Ω–∏–∫–∞–º–∏ –ù–µ—Ç–æ–ª–æ–≥–∏–∏. –û–Ω–∏ —Ä–∞—Å—Å–∫–∞–∂—É—Ç –æ —Å–µ–±–µ –∏ —Å–≤–æ—ë–º –ø—É—Ç–∏ –≤ –¥–∏–¥–∂–∏—Ç–∞–ª–µ, –ø—Ä–æ–≤–µ–¥—É—Ç –ø–æ –ª—É—á—à–∏–º –º–µ—Å—Ç–∞–º –∏ –¥–æ—Å—Ç–æ–ø—Ä–∏–º–µ—á–∞—Ç–µ–ª—å–Ω–æ—Å—Ç—è–º –∏ –¥–æ–∫–∞–∂—É—Ç, —á—Ç–æ –≤–Ω—É—Ç—Ä–µ–Ω–Ω–∏–π —Ç—É—Ä–∏–∑–º –≤ –†–æ—Å—Å–∏–∏ ‚Äî —ç—Ç–æ —Ä–µ–∞–ª—å–Ω–æ. 
 
–°–ª–µ–¥–∏—Ç–µ –∑–∞ —Å–æ–±—ã—Ç–∏—è–º–∏ –≤ –Ω–∞—à–µ–º –ò–Ω—Å—Ç–∞–≥—Ä–∞–º–µ ‚Üí http://netolo.gy/gxm"
34,2021-05-14 08:15:00,"–ë–µ–∑ —Å–æ—Ñ—Ç-—Å–∫–∏–ª–ª–æ–≤ –Ω–∏–∫—É–¥–∞: –æ–Ω–∏ –ø—Ä–∏–≥–æ–¥—è—Ç—Å—è –∏ –≤ –æ–±—ã—á–Ω–æ–π –∂–∏–∑–Ω–∏, –∏ –Ω–∞ —Ä–∞–±–æ—Ç–µ. 
 
–í –ø–æ–¥–±–æ—Ä–∫–µ –∑–∞–Ω—è—Ç–∏—è –ø–æ —ç–º–æ—Ü–∏–æ–Ω–∞–ª—å–Ω–æ–º—É –∏–Ω—Ç–µ–ª–ª–µ–∫—Ç—É, —Ñ–∞–∫—Ç—á–µ–∫–∏–Ω–≥—É –º–µ–¥–∏—Ü–∏–Ω—ã –≤ –∏–Ω—Ç–µ—Ä–Ω–µ—Ç–µ –∏ —Å–æ—Å—Ç–∞–≤–ª–µ–Ω–∏—é —Ä–µ–∑—é–º–µ: 
 
üî∂ 17 –º–∞—è, 17:00 ‚Äî –ö–∞–∫ —Ä–∞–∑–≤–∏–≤–∞—Ç—å —ç–º–æ—Ü–∏–æ–Ω–∞–ª—å–Ω—ã–π –∏–Ω—Ç–µ–ª–ª–µ–∫—Ç 
–£–∑–Ω–∞–µ—Ç–µ, —á—Ç–æ —Ç–∞–∫–æ–µ EQ, –∫–∞–∫ —Å–ø—Ä–∞–≤–ª—è—Ç—å—Å—è —Å–æ —Å–≤–æ–∏–º–∏ —ç–º–æ—Ü–∏—è–º–∏ –∏ –∫–∞–∫–∏–º –æ–±—Ä–∞–∑–æ–º –∏—Å–ø–æ–ª—å–∑–æ–≤–∞—Ç—å —Å–ø–æ—Å–æ–±–Ω–æ—Å—Ç–∏ –≤ —Ä–∞–±–æ—Ç–µ –∏ –∂–∏–∑–Ω–∏ ‚Üí http://netolo.gy/gxr 
 
üî∂ 25 –º–∞—è, 17:00 ‚Äî –ö–∞–∫ –Ω–µ —É–º–µ—Ä–µ—Ç—å, —á–∏—Ç–∞—è –ø—Ä–æ –º–µ–¥–∏—Ü–∏–Ω—É –≤ –∏–Ω—Ç–µ—Ä–Ω–µ—Ç–µ 
–ò–∑—É—á–∏—Ç–µ –æ—Å–Ω–æ–≤—ã ¬´–º–µ–¥–∏—Ü–∏–Ω—Å–∫–æ–≥–æ –≥—É–≥–ª–µ–Ω–∏—è¬ª –∏ —Å–º–æ–∂–µ—Ç–µ —Ä–∞–∑–≥–æ–≤–∞—Ä–∏–≤–∞—Ç—å —Å –≤—Ä–∞—á–æ–º –ø–æ—á—Ç–∏ –Ω–∞ —Ä–∞–≤–Ω—ã—Ö ‚Üí http://netolo.gy/gxs 
 
üî∂ 25 –º–∞—è, 17:00 ‚Äî –ö–∞–∫ –ø–µ—Ä–µ—Å—Ç–∞—Ç—å —Å–æ–º–Ω–µ–≤–∞—Ç—å—Å—è –≤ —Å–≤–æ–∏—Ö –ø—Ä–æ—Ñ–µ—Å—Å–∏–æ–Ω–∞–ª—å–Ω—ã—Ö –¥–æ—Å—Ç–∏–∂–µ–Ω–∏—è—Ö 
–û–±—Å—É–¥–∏–º, –∫–∞–∫ —Å–∏–Ω–¥—Ä–æ–º —Å–∞–º–æ–∑–≤–∞–Ω—Ü–∞ —Å–≤—è–∑–∞–Ω —Å–æ —Å—Ç—Ä–µ—Å—Å–æ–º, –ø–æ—á–µ–º—É –ø–æ—è–≤–ª—è–µ—Ç—Å—è –ø—Ä–æ—Ñ–µ—Å—Å–∏–æ–Ω–∞–ª—å–Ω–∞—è –Ω–µ—É–≤–µ—Ä–µ–Ω–Ω–æ—Å—Ç—å –∏ —á—Ç–æ —Å–¥–µ–ª–∞—Ç—å, —á—Ç–æ–±—ã –∏–∑–±–∞–≤–∏—Ç—å—Å—è –æ—Ç —Å—Ç—Ä–∞—Ö–∞ ‚Üí http://netolo.gy/gxt 
 
üî∂ 26 –º–∞—è, 18:00 ‚Äî –ö–∞–∫ —Å–æ—Å—Ç–∞–≤–∏—Ç—å —Ä–µ–∑—é–º–µ, –∫–æ—Ç–æ—Ä–æ–µ –∑–∞–º–µ—Ç—è—Ç 
–†–µ–∑—é–º–µ ‚Äî –≥–ª–∞–≤–Ω—ã–π —Å–ø–æ—Å–æ–± –∑–∞—è–≤–∏—Ç—å –æ —Å–µ–±–µ –Ω–∞ —Ä—ã–Ω–∫–µ, –Ω–∞ –∑–∞–Ω—è—Ç–∏–∏ —Ä–∞–∑–±–µ—Ä—ë—Ç–µ –∫–µ–π—Å—ã, –Ω–∞—É—á–∏—Ç–µ—Å—å –ø–∏—Å–∞—Ç—å CV –∏ —É–∑–Ω–∞–µ—Ç–µ –∞–ª–≥–æ—Ä–∏—Ç–º –ø–æ–∏—Å–∫–∞ —Ä–∞–±–æ—Ç—ã ‚Üí http://netolo.gy/gxu 
 
üî∂ 26 –º–∞—è, 19:00 ‚Äî –ö–∞–∫ —Ä–∞—Å—Ç–∏ –≤ –∫–∞—Ä—å–µ—Ä–µ —Å –ø–æ–º–æ—â—å—é –º—è–≥–∫–∏—Ö –Ω–∞–≤—ã–∫–æ–≤ 
–†–∞–∑–±–µ—Ä—ë–º—Å—è –≤ –∞–∫—Ç—É–∞–ª—å–Ω—ã—Ö –≥–∏–±–∫–∏—Ö –Ω–∞–≤—ã–∫–∞—Ö, —É–∑–Ω–∞–µ–º, –∫–∞–∫ –∏—Å–ø–æ–ª—å–∑–æ–≤–∞—Ç—å –∏—Ö –≤ –∫–∞—Ä—å–µ—Ä–µ, –∏–∑—É—á–∏–º —Å–ø–æ—Å–æ–±—ã —Ä–∞–∑–≤–∏—Ç–∏—è –≤ –æ–Ω–ª–∞–π–Ω-—Ñ–æ—Ä–º–∞—Ç–µ ‚Üí http://netolo.gy/gxv"
35,2021-05-13 15:47:00,"–£—á—ë–Ω—ã–µ –∏–∑ –û–∫—Å—Ñ–æ—Ä–¥—Å–∫–æ–≥–æ —É–Ω–∏–≤–µ—Ä—Å–∏—Ç–µ—Ç–∞ –≤—ã—è—Å–Ω–∏–ª–∏, —á—Ç–æ –ø–æ–ª—å–∑–æ–≤–∞—Ç—å—Å—è —Å–º–∞—Ä—Ç—Ñ–æ–Ω–æ–º –ª—É—á—à–µ –Ω–µ –±–æ–ª–µ–µ 2 —á–∞—Å–æ–≤ –≤ –¥–µ–Ω—å ü§Ø

–†–∞—Å—Å–∫–∞–∑—ã–≤–∞–µ–º, –∫–∞–∫ –º–∏–Ω–∏–º–∏–∑–∏—Ä–æ–≤–∞—Ç—å —ç–∫—Ä–∞–Ω–Ω–æ–µ –≤—Ä–µ–º—è –≤ –≤–∞—à–µ–º —Å–º–∞—Ä—Ç—Ñ–æ–Ω–µ –∏ –Ω–µ –∑–∞–≤–∏—Å–∞—Ç—å –≤ —Å–æ—Ü—Å–µ—Ç—è—Ö üëá"
36,2021-05-13 09:01:00,"–í –Ω–æ–≤–æ–º –≤—ã–ø—É—Å–∫–µ —Ä—É–±—Ä–∏–∫–∏ –≠—Ç–æ–ò–∑–∏ —Ä–∞—Å—Å–∫–∞–∑–∞–ª–∏, —á—Ç–æ —Ç–∞–∫–æ–µ —ç–º–æ—Ü–∏–æ–Ω–∞–ª—å–Ω—ã–π –∏–Ω—Ç–µ–ª–ª–µ–∫—Ç, –ø–æ—á–µ–º—É –æ–Ω —Å—á–∏—Ç–∞–µ—Ç—Å—è –∫–ª—é—á–µ–≤—ã–º –∫–∞—á–µ—Å—Ç–≤–æ–º –∫–∞–∂–¥–æ–≥–æ —Å–æ—Ç—Ä—É–¥–Ω–∏–∫–∞ –∏ –∫–∞–∫ –µ–≥–æ —Ä–∞–∑–≤–∏—Ç—å. 
 
–£–∑–Ω–∞–π—Ç–µ, –Ω–∞—Å–∫–æ–ª—å–∫–æ —Ä–∞–∑–≤–∏—Ç –≤–∞—à EQ ‚Üí http://netolo.gy/gxk"
37,2021-05-12 14:00:04,"–°–æ—Ö—Ä–∞–Ω—è—Ç—å —Å–ø–æ–∫–æ–π—Å—Ç–≤–∏–µ –Ω–∞ —Ä–∞–±–æ—Ç–µ ‚Äî –≤–∞–∂–Ω—ã–π —Å–æ—Ñ—Ç-—Å–∫–∏–ª–ª. –†–∞–∑—ã–≥—Ä—ã–≤–∞–µ–º –¥–æ—Å—Ç—É–ø –∫ –∫—É—Ä—Å—É, –∫–æ—Ç–æ—Ä—ã–π –ø–æ–º–æ–∂–µ—Ç –Ω–∞–π—Ç–∏ –±–∞–ª–∞–Ω—Å –º–µ–∂–¥—É —Ä–∞–±–æ—Ç–æ–π –∏ –ª–∏—á–Ω–æ–π –∂–∏–∑–Ω—å—é üòâ

–ü—Ä–∞–≤–∏–ª–∞ –ø—Ä–æ—Å—Ç—ã:
‚ñ™Ô∏è–ø–æ–¥–ø–∏—à–∏—Ç–µ—Å—å –Ω–∞ –ù–µ—Ç–æ–ª–æ–≥–∏—é
‚ñ™Ô∏è–ø—Ä–∏–¥—É–º—ã–≤–∞–π—Ç–µ —Å–ª–æ–≤–∞ –∏–∑ —Å–ª–æ–≤–∞ ¬´—Å—Ç—Ä–µ—Å—Å–æ—É—Å—Ç–æ–π—á–∏–≤–æ—Å—Ç—å¬ª
‚ñ™Ô∏è–ø–∏—à–∏—Ç–µ –∏—Ö –≤ –∫–æ–º–º–µ–Ω—Ç–∞—Ä–∏—è—Ö

–í–∞–∂–Ω–æ: –æ–¥–Ω–æ —Å–ª–æ–≤–æ ‚Äî –æ–¥–∏–Ω –∫–æ–º–º–µ–Ω—Ç–∞—Ä–∏–π. –ü–æ–≤—Ç–æ—Ä—è—Ç—å —Å–ª–æ–≤–∞, –∫–æ—Ç–æ—Ä—ã–µ –ø–∏—Å–∞–ª–∏ –¥—Ä—É–≥–∏–µ —É—á–∞—Å—Ç–Ω–∏–∫–∏, –Ω–µ–ª—å–∑—è. –ó–∞—Å—á–∏—Ç—ã–≤–∞—é—Ç—Å—è —Ç–æ–ª—å–∫–æ —Ä–µ–∞–ª—å–Ω–æ —Å—É—â–µ—Å—Ç–≤—É—é—â–∏–µ —Å–ª–æ–≤–∞, –∫–æ—Ç–æ—Ä—ã–µ —Å–æ—Å—Ç–æ—è—Ç –∏–∑ —Ç—Ä—ë—Ö –∏ –±–æ–ª–µ–µ –±—É–∫–≤. –£ –∫–∞–∂–¥–æ–≥–æ —É—á–∞—Å—Ç–Ω–∏–∫–∞ –µ—Å—Ç—å —Ç—Ä–∏ –ø—Ä–∞–≤–∞ –Ω–∞ –æ—à–∏–±–∫—É, —Ä–µ–ø–æ—Å—Ç –¥–æ–±–∞–≤–ª—è–µ—Ç –µ—â—ë —Ç—Ä–∏. –í—Ä–µ–º—è –º–µ–∂–¥—É –ø–æ–ø—ã—Ç–∫–∞–º–∏ ‚Äî 1 –º–∏–Ω—É—Ç–∞. 

–ö–æ–Ω–∫—É—Ä—Å –∑–∞–∫–æ–Ω—á–∏—Ç—Å—è —á–µ—Ä–µ–∑ 24 —á–∞—Å–æ–≤. 

üéÅ –¢—Ä—ë–º —Å–∞–º—ã–º –∞–∫—Ç–∏–≤–Ω—ã–º —É—á–∞—Å—Ç–Ω–∏–∫–∞–º –ø–æ–¥–∞—Ä–∏–º –¥–æ—Å—Ç—É–ø –∫ –∫—É—Ä—Å—É ¬´Work-life balance¬ª, –∫–æ—Ç–æ—Ä—ã–π —Å—Ç–∞—Ä—Ç—É–µ—Ç 17 –º–∞—è ‚Üí http://netolo.gy/gxB"
38,2021-05-12 08:43:00,"–ó–∞–ø—É—Å—Ç–∏–ª–∏ –±–µ—Å–ø–ª–∞—Ç–Ω—ã–π –∫—É—Ä—Å –ø–æ –∞–≤—Ç–æ–º–∞—Ç–∏–∑–∞—Ü–∏–∏ –º–∞—Ä–∫–µ—Ç–∏–Ω–≥–∞ –∏ –ø—Ä–æ–¥–∞–∂ ü§ñ 
 
–ó–∞ 16 —á–∞—Å–æ–≤ —Ç–µ–æ—Ä–∏–∏ –∏ –ø—Ä–∞–∫—Ç–∏–∫–∏ —É–∑–Ω–∞–µ—Ç–µ, –∫–∞–∫ —É–ª—É—á—à–∏—Ç—å –±–∏–∑–Ω–µ—Å-–ø—Ä–æ—Ü–µ—Å—Å—ã —Å –ø–æ–º–æ—â—å—é –∫–ª–∏–µ–Ω—Ç—Å–∫–∏—Ö –¥–∞–Ω–Ω—ã—Ö, –∑–∞—á–µ–º –≤–Ω–µ–¥—Ä—è—Ç—å –∞–≤—Ç–æ–º–∞—Ç–∏–∑–∞—Ü–∏—é –∏ –∫–∞–∫–∏–µ –≤—ã–±—Ä–∞—Ç—å –∏–Ω—Å—Ç—Ä—É–º–µ–Ω—Ç—ã. –í –∫–æ–Ω—Ü–µ –∫—É—Ä—Å–∞ ‚Äî —Ä–∞–∑–±–æ—Ä –∫–µ–π—Å–æ–≤ —Å —ç–∫—Å–ø–µ—Ä—Ç–∞–º–∏. 
 
–ñ–¥—ë–º –≤–∞—Å –Ω–∞ –∑–∞–Ω—è—Ç–∏—è—Ö ‚Üí http://netolo.gy/gxj"
39,2021-05-11 14:52:00,"–†–∞—Å—Å–∫–∞–∑—ã–≤–∞–µ–º, –∫–∞–∫ –ø–æ–¥—á–µ—Ä–∫–Ω—É—Ç—å –¥–æ—Å—Ç–∏–∂–µ–Ω–∏—è –≤ —Ä–µ–∑—é–º–µ, —á—Ç–æ–±—ã –≤–∞—Å —Ç–æ—á–Ω–æ –ø–æ–∑–≤–∞–ª–∏ –Ω–∞ —Å–æ–±–µ—Å–µ–¥–æ–≤–∞–Ω–∏–µ üëá"
40,2021-05-11 08:11:00,"–ú–∞–π—Å–∫–∏–µ –≤—ã—Ö–æ–¥–Ω—ã–µ ‚Äî –∑–∞—Ç—Ä–∞—Ç–Ω–æ–µ –≤—Ä–µ–º—è ü§ë 
 
–ù–æ —ç–∫–æ–Ω–æ–º–∏—Ç—å –Ω–∞ –æ–±—Ä–∞–∑–æ–≤–∞–Ω–∏–∏ ‚Äî –Ω–µ –≤—ã—Ö–æ–¥, –ø–æ–ª—É—á–∏—Ç—å —á–∞—Å—Ç—å –¥–µ–Ω–µ–≥ –æ–±—Ä–∞—Ç–Ω–æ –ø–æ–º–æ–∂–µ—Ç —Å—Ç–∞—Ç—å—è –∏–∑ –ú–µ–¥–∏–∞ ‚Üí http://netolo.gy/gvv"
41,2021-05-10 15:43:00,"–ú–æ—É—à–Ω-–¥–∏–∑–∞–π–Ω —Å–µ–π—á–∞—Å –Ω–∞ –ø–∏–∫–µ –ø–æ–ø—É–ª—è—Ä–Ω–æ—Å—Ç–∏: –µ–≥–æ –∏—Å–ø–æ–ª—å–∑—É—é—Ç –≤ —Ä–µ–∫–ª–∞–º–Ω—ã—Ö —Ä–æ–ª–∏–∫–∞—Ö, –∫–∏–Ω–æ –∏ –¢–∏–∫–¢–æ–∫–µ üèÉ‚Äç‚ôÄ 
 
–í –ú–µ–¥–∏–∞ —Ä–∞—Å—Å–∫–∞–∑–∞–ª–∏ –æ–± –∏—Å—Ç–æ—Ä–∏–∏ –∞–Ω–∏–º–∞—Ü–∏–æ–Ω–Ω–æ–π –≥—Ä–∞—Ñ–∏–∫–∏ –∏ –±—É–¥—É—â–µ–º –º–æ—É—à–Ω-–¥–∏–∑–∞–π–Ω–∞ ‚Üí http://netolo.gy/gvu"
42,2021-05-10 07:07:00,"ü§© –ó–∞–ø—É—Å—Ç–∏–ª–∏ –∫—É—Ä—Å –ø–æ –æ—Å–Ω–æ–≤–∞–º Canva 
 
–ó–∞ —à–µ—Å—Ç—å –±–ª–æ–∫–æ–≤ –ø–æ 30-40 –º–∏–Ω—É—Ç –Ω–∞—É—á–∏—Ç–µ—Å—å: 
 
‚úî –ü–æ–¥–±–∏—Ä–∞—Ç—å —à—Ä–∏—Ñ—Ç—ã –∏ —Ü–≤–µ—Ç–æ–≤—É—é –ø–∞–ª–∏—Ç—Ä—É 
‚úî –î–µ–ª–∞—Ç—å —Ç–µ–Ω–∏, –≥—Ä–∞–¥–∏–µ–Ω—Ç—ã –∏ –¥—Ä—É–≥–∏–µ –≤–∏–∑—É–∞–ª—å–Ω—ã–µ —ç—Ñ—Ñ–µ–∫—Ç—ã 
‚úî –û—Ñ–æ—Ä–º–ª—è—Ç—å –ø—Ä–µ–∑–µ–Ω—Ç–∞—Ü–∏–∏ –≥—Ä–∞—Ñ–∏–∫–æ–π 
 
–ù–∞—á–∞—Ç—å —É—á–∏—Ç—å—Å—è –º–æ–∂–Ω–æ –ø—Ä—è–º–æ —Å–µ–π—á–∞—Å ‚Üí http://netolo.gy/gvt"
43,2021-05-09 07:27:00,"–ò—Å–∫—É—Å—Å—Ç–≤–µ–Ω–Ω—ã–π –∏–Ω—Ç–µ–ª–ª–µ–∫—Ç —É–º–µ–µ—Ç —É–ø—Ä–∞–≤–ª—è—Ç—å –∞–≤—Ç–æ–º–æ–±–∏–ª–µ–º, —Ä–∞—Å–ø–æ–∑–Ω–∞–≤–∞—Ç—å –ª–∏—Ü–∞, –ø–∏—Å–∞—Ç—å –ø—Ä–æ–≥—Ä–∞–º–º–Ω—ã–π –∫–æ–¥ –∏ –¥–∞–∂–µ –∫–Ω–∏–≥–∏ üò± 
 
–°–æ–±—Ä–∞–ª–∏ 5 –∏–Ω—Ç–µ—Ä–µ—Å–Ω—ã—Ö –∫–Ω–∏–≥, —á—Ç–æ–±—ã –ø–æ–Ω—è—Ç—å, –Ω–∞ —á—Ç–æ –µ—â—ë —Å–ø–æ—Å–æ–±–µ–Ω –ò–ò:
 
üî∂ ¬´–í–µ—Ä—Ö–æ–≤–Ω—ã–π –∞–ª–≥–æ—Ä–∏—Ç–º¬ª, –ü–µ–¥—Ä–æ –î–æ–º–∏–Ω–≥–æ—Å 
–ê–ª–≥–æ—Ä–∏—Ç–º—ã –¥–∞–≤–Ω–æ —É–ø—Ä–∞–≤–ª—è—é—Ç –Ω–∞—à–µ–π –∂–∏–∑–Ω—å—é. –û–Ω–∏ –Ω–∞—Ö–æ–¥—è—Ç –¥–ª—è –Ω–∞—Å —Ñ–∏–ª—å–º—ã, –∫–Ω–∏–≥–∏ –∏ –¥–∞–∂–µ –ø–∞—Ä—Ç–Ω—ë—Ä–æ–≤ –Ω–∞ —Å–∞–π—Ç–∞—Ö –∑–Ω–∞–∫–æ–º—Å—Ç–≤. –ü–µ–¥—Ä–æ –î–æ–º–∏–Ω–≥–æ—Å, –∞–≤—Ç–æ—Ä –∫–Ω–∏–≥–∏ –∏ —ç–∫—Å–ø–µ—Ä—Ç –ø–æ –∏—Å–∫—É—Å—Å—Ç–≤–µ–Ω–Ω–æ–º—É –∏–Ω—Ç–µ–ª–ª–µ–∫—Ç—É, —Ä–∞—Å—Å–∫–∞–∑—ã–≤–∞–µ—Ç, –∫–∞–∫ –∏–¥–µ–∏ –∏–∑ –±–∏–æ–ª–æ–≥–∏–∏, —Ñ–∏–∑–∏–∫–∏ –∏ —Å—Ç–∞—Ç–∏—Å—Ç–∏–∫–∏ –ø–æ–º–æ–≥–∞—é—Ç —Å–æ–∑–¥–∞–≤–∞—Ç—å –∞–ª–≥–æ—Ä–∏—Ç–º—ã, —Å –∫–æ—Ç–æ—Ä—ã–º–∏ –º—ã –≤—Å—Ç—Ä–µ—á–∞–µ–º—Å—è –∫–∞–∂–¥—ã–π –¥–µ–Ω—å. 
 
üî∂ ¬´–ò—Å–∫—É—Å—Å—Ç–≤–µ–Ω–Ω—ã–π –∏–Ω—Ç–µ–ª–ª–µ–∫—Ç –Ω–∞ —Å–ª—É–∂–±–µ –±–∏–∑–Ω–µ—Å–∞¬ª, –ê–¥–∂–µ–π –ê–≥—Ä–∞–≤–∞–ª, –î–∂–æ—à—É–∞ –ì–∞–Ω—Å, –ê–≤–∏ –ì–æ–ª–¥–≤–∞—Ä–± 
–≠—Ç–∞ –∫–Ω–∏–≥–∞ –¥–∞—ë—Ç –º–∞–∫—Å–∏–º—É–º –∏–Ω—Ñ–æ—Ä–º–∞—Ü–∏–∏ –æ–± –∏—Å–∫—É—Å—Å—Ç–≤–µ–Ω–Ω–æ–º –∏–Ω—Ç–µ–ª–ª–µ–∫—Ç–µ –±–µ–∑ —Å–ª–æ–∂–Ω—ã—Ö —Ç–µ—Ö–Ω–∏—á–µ—Å–∫–∏—Ö —Ç–µ—Ä–º–∏–Ω–æ–≤. –ê–≤—Ç–æ—Ä—ã –∫–Ω–∏–≥–∏ —Ä–∞—Å—Å–∫–∞–∂—É—Ç, –∫–∞–∫ –∏—Å–ø–æ–ª—å–∑–æ–≤–∞—Ç—å –∏—Å–∫—É—Å—Å—Ç–≤–µ–Ω–Ω—ã–π –∏–Ω—Ç–µ–ª–ª–µ–∫—Ç –≤ —Å–≤–æ—ë–º –±–∏–∑–Ω–µ—Å–µ, —á—Ç–æ–±—ã —Å–¥–µ–ª–∞—Ç—å –µ–≥–æ –±–æ–ª–µ–µ –∫–æ–Ω–∫—É—Ä–µ–Ω—Ç–æ—Å–ø–æ—Å–æ–±–Ω—ã–º. –ü—Ä–µ–¥–ø—Ä–∏–Ω–∏–º–∞—Ç–µ–ª–∏ —Ç–∞–∫–∂–µ –Ω–∞–π–¥—É—Ç –≤ —ç—Ç–æ–π –∫–Ω–∏–≥–µ –ø–æ–ª–µ–∑–Ω—É—é –∏–Ω—Ñ–æ—Ä–º–∞—Ü–∏—é –æ –≤–æ–∑–º–æ–∂–Ω–æ—Å—Ç—è—Ö –ò–ò, –∫–æ—Ç–æ—Ä—ã–µ –º–æ–∂–Ω–æ –ø—Ä–∏–º–µ–Ω–∏—Ç—å –Ω–∞ –ø—Ä–∞–∫—Ç–∏–∫–µ. 
 
üî∂ ¬´–°–≤–µ—Ä—Ö–¥–µ—Ä–∂–∞–≤—ã –∏—Å–∫—É—Å—Å—Ç–≤–µ–Ω–Ω–æ–≥–æ –∏–Ω—Ç–µ–ª–ª–µ–∫—Ç–∞¬ª, –ö–∞–π-–§—É –õ–∏ 
–ö–∞–π-–§—É –õ–∏ —Å–¥–µ–ª–∞–ª –≥–æ–ª–æ–≤–æ–∫—Ä—É–∂–∏—Ç–µ–ª—å–Ω—É—é –∫–∞—Ä—å–µ—Ä—É: –æ–Ω —É—Å–ø–µ–ª –ø–æ—Ä–∞–±–æ—Ç–∞—Ç—å –≤ Apple, Google –∏ Microsoft. –í —Å–≤–æ–µ–π –∫–Ω–∏–≥–µ –æ–Ω —Ä–∞—Å—Å–∫–∞–∑—ã–≤–∞–µ—Ç, –ø–æ—á–µ–º—É –∏—Å–∫—É—Å—Å—Ç–≤–µ–Ω–Ω—ã–π –∏–Ω—Ç–µ–ª–ª–µ–∫—Ç –º–æ–∂–µ—Ç –ª–∏—à–∏—Ç—å –º–Ω–æ–≥–∏—Ö —Ä–∞–±–æ—Ç—ã –∏ –ø–æ—á–µ–º—É –ø—Ä–æ—Ç–∏–≤–æ—Å—Ç–æ—è–Ω–∏–µ –°–®–ê –∏ –ö–∏—Ç–∞—è –º–æ–∂–µ—Ç –ø—Ä–∏–≤–µ—Å—Ç–∏ –∫ –∫–∞—Ç–∞—Å—Ç—Ä–æ—Ñ–µ. –û–¥–Ω–∞–∫–æ, –Ω–µ—Å–º–æ—Ç—Ä—è –Ω–∞ –Ω–µ–∫–æ—Ç–æ—Ä—ã–π –ø–µ—Å—Å–∏–º–∏–∑–º, –∞–≤—Ç–æ—Ä —É–≤–µ—Ä–µ–Ω, —á—Ç–æ –∏—Å–∫—É—Å—Å—Ç–≤–µ–Ω–Ω—ã–π –∏–Ω—Ç–µ–ª–ª–µ–∫—Ç –Ω–µ –∑–∞–º–µ–Ω–∏—Ç —á–µ–ª–æ–≤–µ—á–µ—Å–∫–∏–π –ø—Ä–æ—Ñ–µ—Å—Å–∏–æ–Ω–∞–ª–∏–∑–º: –º–∞—à–∏–Ω—ã –Ω–∏–∫–æ–≥–¥–∞ —Å–º–æ–≥—É—Ç –∑–∞–º–µ–Ω–∏—Ç—å –≤–æ—Å–ø–∏—Ç–∞—Ç–µ–ª–µ–π –∏–ª–∏ –≤—Ä–∞—á–µ–π. 
 
üî∂ ¬´–ò—Å–∫—É—Å—Å—Ç–≤–µ–Ω–Ω—ã–π –∏–Ω—Ç–µ–ª–ª–µ–∫—Ç. –ò–ª–ª—é—Å—Ç—Ä–∏—Ä–æ–≤–∞–Ω–Ω–∞—è –∏—Å—Ç–æ—Ä–∏—è. –û—Ç –∞–≤—Ç–æ–º–∞—Ç–æ–Ω–æ–≤ –¥–æ –Ω–µ–π—Ä–æ—Å–µ—Ç–µ–π¬ª, –ü–∏–∫–æ–≤–µ—Ä –ö–ª–∏—Ñ—Ñ–æ—Ä–¥ 
–ö–Ω–∏–≥–∞ –¥–ª—è —Ç–µ—Ö, –∫—Ç–æ —Ö–æ—á–µ—Ç –±–µ–∑ –ª–∏—à–Ω–∏—Ö –¥–µ—Ç–∞–ª–µ–π —É–∑–Ω–∞—Ç—å —Å–∞–º–æ–µ –≤–∞–∂–Ω–æ–µ –æ–± –∏—Å–∫—É—Å—Å—Ç–≤–µ–Ω–Ω–æ–º –∏–Ω—Ç–µ–ª–ª–µ–∫—Ç–µ. –ê–≤—Ç–æ—Ä —Å –ø–æ–º–æ—â—å—é –∏–ª–ª—é—Å—Ç—Ä–∞—Ü–∏–π —Ä–∞—Å—Å–∫–∞–∑—ã–≤–∞–µ—Ç –æ–± –∏—Å—Ç–æ—Ä–∏–∏ —Å–æ–∑–¥–∞–Ω–∏—è –∏–Ω—Ç–µ–ª–ª–µ–∫—Ç—É–∞–ª—å–Ω—ã—Ö —Å–∏—Å—Ç–µ–º: –æ—Ç –ø–µ—Ä–≤—ã—Ö –∑–∞–¥—É–º–æ–∫ –¥—Ä–µ–≤–Ω–∏—Ö —Ñ–∏–ª–æ—Å–æ—Ñ–æ–≤ –¥–æ –ø–æ—Å–ª–µ–¥–Ω–∏—Ö —Ä–∞–∑—Ä–∞–±–æ—Ç–æ–∫ —Å–æ–≤—Ä–µ–º–µ–Ω–Ω—ã—Ö —É—á—ë–Ω—ã—Ö. –ü–æ —Ö–æ–¥—É –∫–Ω–∏–≥–∏ –∞–≤—Ç–æ—Ä –ø—Ä–∏–∑—ã–≤–∞–µ—Ç –ø–æ—Ä–∞–∑–º—ã—à–ª—è—Ç—å, –∫–∞–∫–∏–µ –æ—Ç–Ω–æ—à–µ–Ω–∏—è —Å –∏—Å–∫—É—Å—Å—Ç–≤–µ–Ω–Ω—ã–º –∏–Ω—Ç–µ–ª–ª–µ–∫—Ç–æ–º –Ω–∞—Å –∂–¥—É—Ç –≤ –±—É–¥—É—â–µ–º –∏ –∫–∞–∫ —ç—Ç–æ –æ—Ç—Ä–∞–∑–∏—Ç—Å—è –≤ –Ω–∞—à–µ–π –∫—É–ª—å—Ç—É—Ä–µ —Å–ø—É—Å—Ç—è –Ω–µ—Å–∫–æ–ª—å–∫–æ –≤–µ–∫–æ–≤. 
 
üî∂ ¬´–ò—Å–∫—É—Å—Å—Ç–≤–µ–Ω–Ω—ã–π –∏–Ω—Ç–µ–ª–ª–µ–∫—Ç –Ω–∞ –ø—Ä–∞–∫—Ç–∏–∫–µ. 50 –∫–µ–π—Å–æ–≤ —É—Å–ø–µ—à–Ω—ã—Ö –∫–æ–º–ø–∞–Ω–∏–π¬ª, –ë–µ—Ä–Ω–∞—Ä–¥ –ú–∞—Ä—Ä –∏ –ú—ç—Ç—Ç –£–æ—Ä–¥ 
–≠—Ç–∞ –∫–Ω–∏–≥–∞ –±—É–¥–µ—Ç –ø–æ–ª–µ–∑–Ω–∞ –ø—Ä–µ–¥–ø—Ä–∏–Ω–∏–º–∞—Ç–µ–ª—è–º –∏ —Ä—É–∫–æ–≤–æ–¥–∏—Ç–µ–ª—è–º. –ü–æ—Ç–æ–º—É —á—Ç–æ ¬´–ò—Å–∫—É—Å—Å—Ç–≤–µ–Ω–Ω—ã–π –∏–Ω—Ç–µ–ª–ª–µ–∫—Ç –Ω–∞ –ø—Ä–∞–∫—Ç–∏–∫–µ¬ª —Ä–∞—Å—Å–∫–∞–∂–µ—Ç –æ 50 —Ä–µ–∞–ª—å–Ω—ã—Ö –∫–µ–π—Å–∞—Ö –ø—Ä–∏–º–µ–Ω–µ–Ω–∏—è –ò–ò –∫–æ–º–ø–∞–Ω–∏—è–º–∏ —Å–æ –≤—Å–µ–≥–æ –º–∏—Ä–∞. –î–ª—è —É–¥–æ–±—Å—Ç–≤–∞ –≤—Å–µ –ø—Ä–∏–º–µ—Ä—ã —Ä–∞—Å–ø—Ä–µ–¥–µ–ª–µ–Ω—ã –ø–æ –∫–∞—Ç–µ–≥–æ—Ä–∏—è–º: —Ç–µ—Ö–Ω–æ–ª–æ–≥–∏–∏, –ø—Ä–æ–¥–∞–∂–∏, –º–µ–¥–∏–∞ –∏ —Ñ–∏–Ω–∞–Ω—Å—ã. –ö—Å—Ç–∞—Ç–∏, —á—Ç–µ–Ω–∏–µ –æ–¥–Ω–æ–π –≥–ª–∞–≤—ã —ç—Ç–æ–π –∫–Ω–∏–≥–∏ –∑–∞–Ω–∏–º–∞–µ—Ç –Ω–µ –±–æ–ª—å—à–µ 5 –º–∏–Ω—É—Ç –≤ –¥–µ–Ω—å."
44,2021-05-08 08:49:00,"–° —Ç–∞–∫–∏–º –∫–æ–ª–∏—á–µ—Å—Ç–≤–æ–º –Ω–æ–≤—ã—Ö —Ñ–∏—á –ò–Ω—Å—Ç–∞–≥—Ä–∞–º —Å—Ç–∞–Ω–æ–≤–∏—Ç—Å—è –º–∞–≥–∞–∑–∏–Ω–æ–º –Ω–∞ –¥–∏–≤–∞–Ω–µ üì∫ 
 
–í –ø–æ–¥–±–æ—Ä–∫–µ —Å—Ç–∞—Ç–µ–π ‚Äî —Ä—É–∫–æ–≤–æ–¥—Å—Ç–≤–æ, –∫–∞–∫ –ø—Ä–æ–¥–∞–≤–∞—Ç—å, –ø–æ–∫—É–ø–∞—Ç—å –∏ –ø—Ä–æ–¥–≤–∏–≥–∞—Ç—å –≤ —Å–æ—Ü—Å–µ—Ç–∏: 
 
‚ö´ –ö–∞–∫ –ø—Ä–∏–≤–ª–µ–∫–∞—Ç—å –∫–ª–∏–µ–Ω—Ç–æ–≤ –≤ –∏–Ω—Ç–µ—Ä–Ω–µ—Ç-–º–∞–≥–∞–∑–∏–Ω –≤ –ò–Ω—Å—Ç–∞–≥—Ä–∞–º–µ‚Üí http://netolo.gy/gvh 
 
‚ö´ –ö–∞–∫ –ø—Ä–æ–≤–µ—Å—Ç–∏ –ª–æ—Ç–µ—Ä–µ—é –≤ –ò–Ω—Å—Ç–∞–≥—Ä–∞–º –∑–∞ 72 —á–∞—Å–∞ ‚Üí http://netolo.gy/gvi
 
‚ö´ –ö–∞–∫ –ø—Ä–æ–≤–µ—Ä–∏—Ç—å –±–ª–æ–≥–µ—Ä–∞ –Ω–∞ –Ω–∞–∫—Ä—É—Ç–∫—É –ø–æ–¥–ø–∏—Å—á–∏–∫–æ–≤ –∏ –ø—Ä–æ—Å–º–æ—Ç—Ä–æ–≤ ‚Üí http://netolo.gy/gvj 
 
‚ö´ 10 –ø–æ–ª–µ–∑–Ω—ã—Ö —Å–µ—Ä–≤–∏—Å–æ–≤ –¥–ª—è —Ä–∞–±–æ—Ç—ã —Å –±–ª–æ–≥–µ—Ä–∞–º–∏ ‚Üí http://netolo.gy/gvk 
 
‚ö´ 9 –¢–µ–ª–µ–≥—Ä–∞–º-–±–æ—Ç–æ–≤, –∫–æ—Ç–æ—Ä—ã–µ —É–ø—Ä–æ—â–∞—é—Ç —Ä–∞–±–æ—Ç—É —Å –ò–Ω—Å—Ç–∞–≥—Ä–∞–º–æ–º ‚Üí http://netolo.gy/gvl"
45,2021-05-07 08:17:00,"–ü–æ—Ä–∞ –æ—Ç–≤–ª–µ—á—å—Å—è –æ—Ç –æ–≥–æ—Ä–æ–¥–∞ –∏ —à–∞—à–ª—ã–∫–æ–≤ üë®‚Äçüåæ 

–° –Ω–æ–≤—ã–º–∏ —Å–∏–ª–∞–º–∏ –≤—Ä—ã–≤–∞–µ–º—Å—è –Ω–∞ –±–µ—Å–ø–ª–∞—Ç–Ω—ã–µ –∑–∞–Ω—è—Ç–∏—è —ç—Ç–æ–π –Ω–µ–¥–µ–ª–∏ ‚Äî –≤—ã–±–∏—Ä–∞–π—Ç–µ, —Ç–µ–º –º–Ω–æ–≥–æ: 
 
üî∑11 –º–∞—è, 19:00 ‚Äî –ú–∞—Ä–∫–µ—Ç–ø–ª–µ–π—Å—ã: –∫–∞–∫ –≤—ã–±—Ä–∞—Ç—å –ø–ª–æ—â–∞–¥–∫—É –¥–ª—è —Ä–∞–∑–º–µ—â–µ–Ω–∏—è —Ç–æ–≤–∞—Ä–æ–≤ 
–†–∞–∑–±–µ—Ä—ë—Ç–µ—Å—å —á—Ç–æ –∏–∑ —Å–µ–±—è –ø—Ä–µ–¥—Å—Ç–∞–≤–ª—è—é—Ç –º–∞—Ä–∫–µ—Ç–ø–ª–µ–π—Å—ã, –ø—Ä–æ–∞–Ω–∞–ª–∏–∑–∏—Ä—É–µ—Ç–µ –ø–æ–ø—É–ª—è—Ä–Ω—ã–µ –ø–ª–æ—â–∞–¥–∫–∏ –∏ –ø–æ–π–º—ë—Ç–µ, –∫–∞–∫–∞—è –ø–æ–¥—Ö–æ–¥–∏—Ç –¥–ª—è –≤–∞—à–µ–≥–æ –ø—Ä–æ–¥—É–∫—Ç–∞ ‚Üí http://netolo.gy/gva

üî∑12 –º–∞—è, 18:00 ‚Äî –†–∞–∑—Ä–∞–±–æ—Ç–∫–∞ –º–æ–±–∏–ª—å–Ω—ã—Ö –ø—Ä–∏–ª–æ–∂–µ–Ω–∏–π –Ω–∞ IOS –∏ Android: —Å —á–µ–≥–æ –Ω–∞—á–∞—Ç—å? 
–ü–æ–≥–æ–≤–æ—Ä–∏–º –æ —Å—Ö–æ–¥—Å—Ç–≤–∞—Ö –∏ —Ä–∞–∑–ª–∏—á–∏—è—Ö iOS –∏ Android —Ä–∞–∑—Ä–∞–±–æ—Ç–∫–∏, —Ä–∞—Å—Å–∫–∞–∂–µ–º –ø—Ä–æ –Ω–µ–æ–±—Ö–æ–¥–∏–º—ã–µ –Ω–∞–≤—ã–∫–∏ –∏ —É–∑–Ω–∞–µ–º, –∫–∞–∫ —Å—Ç–∞—Ç—å –≤–æ—Å—Ç—Ä–µ–±–æ–≤–∞–Ω–Ω—ã–º–∏ —Å–ø–µ—Ü–∏–∞–ª–∏—Å—Ç–æ–º‚Üí http://netolo.gy/gvc 
 
üî∑13 –º–∞—è, 16:00 ‚Äî –ö–∞–∫ —Å–ø–µ—Ü–∏–∞–ª–∏—Å—Ç—É –≤ —Å—Ñ–µ—Ä–µ —Ñ–∏–Ω–∞–Ω—Å–æ–≤ —Ä–∞–±–æ—Ç–∞—Ç—å —É–¥–∞–ª—ë–Ω–Ω–æ 
–£–∑–Ω–∞–µ–º, –∫–∞–∫ —É—Å—Ç—Ä–æ–µ–Ω–∞ —Ä–∞–±–æ—Ç–∞ —Ñ–∏–Ω–∞–Ω—Å–∏—Å—Ç–∞ –Ω–∞ —É–¥–∞–ª—ë–Ω–∫–µ, –ø–æ–∑–Ω–∞–∫–æ–º–∏–º—Å—è —Å –ª–∞–π—Ñ—Ö–∞–∫–∞–º–∏ –∏ —Å–ø–µ—Ü–∏–∞–ª—å–Ω—ã–º–∏ –∏–Ω—Å—Ç—Ä—É–º–µ–Ω—Ç–∞–º–∏, –Ω–∞—É—á–∏–º—Å—è –≤—ã—Å—Ç—Ä–∞–∏–≤–∞—Ç—å –æ—Ç–Ω–æ—à–µ–Ω–∏—è —Å –∫–ª–∏–µ–Ω—Ç–∞–º–∏ ‚Üí http://netolo.gy/gvd
 
üî∑13 –º–∞—è, 17:00 ‚Äî SMM-–º–µ–Ω–µ–¥–∂–µ—Ä: —á—Ç–æ –¥–µ–ª–∞–µ—Ç –∏ –∫—É–¥–∞ —Ä–∞—Å—Ç–∏ 
–í—Å—ë –æ –ø–µ—Ä—Å–ø–µ–∫—Ç–∏–≤–∞—Ö —Ä—ã–Ω–∫–∞, –Ω–∞–ø—Ä–∞–≤–ª–µ–Ω–∏—è—Ö –∏ —Å–ø–µ—Ü–∏–∞–ª–∏–∑–∞—Ü–∏—è—Ö –≤ SMM, –Ω–µ–æ–±—Ö–æ–¥–∏–º—ã—Ö –Ω–∞–≤—ã–∫–∞—Ö –∏ –∫–∞—Ä—å–µ—Ä–Ω—ã—Ö —Ç—Ä–∞–µ–∫—Ç–æ—Ä–∏—è—Ö ‚Üí http://netolo.gy/gve 
 
üî∑13 –º–∞—è, 19:00 ‚Äî –ö–∞–∫ –Ω–∞—á–∞—Ç—å –≤ Data Science 
–¢—Ä–µ–Ω–¥—ã –≤ Data Science, –∫–∞—Ä—å–µ—Ä–Ω—ã–µ —Ç—Ä–∞–µ–∫—Ç–æ—Ä–∏–∏ –∏ –ø–æ–¥—Ä–æ–±–Ω–æ—Å—Ç–∏ –æ –∫—É—Ä—Å–∞—Ö –ù–µ—Ç–æ–ª–æ–≥–∏–∏ ‚Äî –≤—Å—ë –∑–¥–µ—Å—å ‚Üí http://netolo.gy/gvf"
46,2021-05-06 16:01:00,"–ß–∞—Å—Ç–æ –∏–º–µ–Ω–Ω–æ –Ω–µ–≥–∞—Ç–∏–≤–Ω—ã–µ —É–±–µ–∂–¥–µ–Ω–∏—è –º–µ—à–∞—é—Ç –Ω–∞–º –Ω–æ—Ä–º–∞–ª—å–Ω–æ —Ä–∞–±–æ—Ç–∞—Ç—å –∏ –ø—Ä–æ–¥–≤–∏–≥–∞—Ç—å—Å—è –≤ –∫–∞—Ä—å–µ—Ä–µ

–†–∞—Å—Å–º–æ—Ç—Ä–∏–º —Ä–∞—Å–ø—Ä–æ—Å—Ç—Ä–∞–Ω—ë–Ω–Ω—ã–µ —É—Å—Ç–∞–Ω–æ–≤–∫–∏, –∫–æ—Ç–æ—Ä—ã–µ —Ç–æ—Ä–º–æ–∑—è—Ç –Ω–∞—Å üëá"
47,2021-05-06 09:01:00,"–°–ø–æ–∫–æ–π–Ω–æ –æ—Ç–¥—ã—Ö–∞–µ–º –∏ –æ—Å—Ç–∞—ë–º—Å—è –≤ –∫—É—Ä—Å–µ –≤—Å–µ–≥–æ —Å –ù–µ—Ç–æNews. –í –Ω–æ–≤–æ–π –ø–æ–¥–±–æ—Ä–∫–µ —Ä–∞—Å—Å–∫–∞–∑—ã–≤–∞–µ–º –ø—Ä–æ –≤–∏—Ä—Ç—É–∞–ª—å–Ω—ã–µ –æ–ª–∏–º–ø–∏–π—Å–∫–∏–µ –∏–≥—Ä—ã, —Å–∞–º—É—é –º–∞–ª–µ–Ω—å–∫—É—é –∫–∞–º–µ—Ä—É Polaroid –∏ –ø–æ—é—â–∏–µ —Å—Ç–∏–∫–µ—Ä—ã –≤ –û–¥–Ω–æ–∫–ª–∞—Å—Å–Ω–∏–∫–∞—Ö ü§ê

–°–º–æ—Ç—Ä–∏—Ç–µ, –ø–æ–∫–∞ –ø–µ—Ä–µ–≤–æ—Ä–∞—á–∏–≤–∞–µ—Ç–µ —à–∞–º–ø—É—Ä—ã ‚Üí http://netolo.gy/gwn"
48,2021-05-05 09:37:00,"üß∂ 18 –º–∞—è —Å—Ç–∞—Ä—Ç—É–µ—Ç –±–µ—Å–ø–ª–∞—Ç–Ω—ã–π –∏–Ω—Ç–µ–Ω—Å–∏–≤ ¬´–ö–∞–∫ —Å—Ç–∞—Ä—Ç–æ–≤–∞—Ç—å –∏ —Ä–∞–∑–≤–∏–≤–∞—Ç—å—Å—è –≤ –∏–Ω–¥—É—Å—Ç—Ä–∏–∏ –º–æ–¥—ã¬ª 
 
–ò–Ω–¥—É—Å—Ç—Ä–∏—è –º–æ–¥—ã ‚Äî –Ω–µ —Ç–æ–ª—å–∫–æ –ø—Ä–æ –æ–¥–µ–∂–¥—É. –ö–æ–≥–¥–∞ —á–µ–ª–æ–≤–µ–∫ –ø–æ–∫—É–ø–∞–µ—Ç –≤–µ—â—å, –≤–º–µ—Å—Ç–µ —Å –Ω–µ–π –æ–Ω –ø–æ–∫—É–ø–∞–µ—Ç –∏ –≤–æ–∑–º–æ–∂–Ω–æ—Å—Ç—å –≤—ã—Å–∫–∞–∑–∞—Ç—å—Å—è –±–µ–∑ —Å–ª–æ–≤. –í —Ä–∞–º–∫–∞—Ö –∏–Ω—Ç–µ–Ω—Å–∏–≤–∞ —É–∑–Ω–∞–µ—Ç–µ, –∫–∞–∫ —Å–æ–∑–¥–∞—Ç—å –∫–æ–ª–ª–µ–∫—Ü–∏—é –æ–¥–µ–∂–¥—ã –∏ –∫–∞–∫ —Å—Ç–∏–ª–∏—Å—Ç—É —Ä–∞–±–æ—Ç–∞—Ç—å —Å –∫–ª–∏–µ–Ω—Ç–∞–º–∏ –∏ –æ–±—Ä–∞–∑–∞–º–∏. 
 
üëë –ü–æ–º–æ–≥–∞–π—Ç–µ –¥—Ä—É–≥–∏–º —Å–∞–º–æ–≤—ã—Ä–∞–∂–∞—Ç—å—Å—è ‚Üí http://netolo.gy/guV"
49,2021-05-04 14:31:00,"–ú–æ–∂–µ—Ç –ø–æ–∫–∞–∑–∞—Ç—å—Å—è, —á—Ç–æ –≤ –ø–æ—Å—Ç–æ—è–Ω–Ω–æ–π —É—Å—Ç–∞–ª–æ—Å—Ç–∏ –∏ –Ω–µ–∂–µ–ª–∞–Ω–∏–∏ —á—Ç–æ-–ª–∏–±–æ –¥–µ–ª–∞—Ç—å –Ω–µ—Ç –Ω–∏—á–µ–≥–æ —Å–µ—Ä—å—ë–∑–Ω–æ–≥–æ. –û–¥–Ω–∞–∫–æ, –≤—Å—ë —ç—Ç–æ –º–æ–∂–µ—Ç –±—ã—Ç—å –ø—Ä–∏–∑–Ω–∞–∫–æ–º —ç–º–æ—Ü–∏–æ–Ω–∞–ª—å–Ω–æ–≥–æ –≤—ã–≥–æ—Ä–∞–Ω–∏—è ‚Äî —Å–∏–Ω–¥—Ä–æ–º–∞, –∫–æ—Ç–æ—Ä—ã–π –Ω–µ–¥–∞–≤–Ω–æ –≤–Ω–µ—Å–ª–∏ –≤ –ú–µ–∂–¥—É–Ω–∞—Ä–æ–¥–Ω—É—é –∫–ª–∞—Å—Å–∏—Ñ–∏–∫–∞—Ü–∏—é –±–æ–ª–µ–∑–Ω–µ–π. 
 
–†–∞—Å—Å–∫–∞–∑—ã–≤–∞–µ–º, –∫–∞–∫ —ç—Ç–æ–≥–æ –∏–∑–±–µ–∂–∞—Ç—å üëáüèª"
